date,ssn,month_sin,month_cos
1867-02-01,1.4,0.8660254037844386,0.5000000000000001
1867-03-01,17.4,1.0,6.123233995736766e-17
1867-04-01,9.7,0.8660254037844387,-0.4999999999999998
1867-05-01,5.5,0.4999999999999999,-0.8660254037844387
1867-06-01,2.8,1.2246467991473532e-16,-1.0
1867-07-01,9.5,-0.4999999999999997,-0.8660254037844388
1867-08-01,9.1,-0.8660254037844385,-0.5000000000000004
1867-09-01,18.7,-1.0,-1.8369701987210294e-16
1867-10-01,25.5,-0.8660254037844386,0.5000000000000001
1867-11-01,18.1,-0.5000000000000004,0.8660254037844384
1867-12-01,47.9,-2.4492935982947064e-16,1.0
1868-01-01,25.9,0.4999999999999999,0.8660254037844387
1868-02-01,26.3,0.8660254037844386,0.5000000000000001
1868-03-01,44.0,1.0,6.123233995736766e-17
1868-04-01,61.1,0.8660254037844387,-0.4999999999999998
1868-05-01,44.5,0.4999999999999999,-0.8660254037844387
1868-06-01,51.8,1.2246467991473532e-16,-1.0
1868-07-01,48.3,-0.4999999999999997,-0.8660254037844388
1868-08-01,57.3,-0.8660254037844385,-0.5000000000000004
1868-09-01,78.7,-1.0,-1.8369701987210294e-16
1868-10-01,102.8,-0.8660254037844386,0.5000000000000001
1868-11-01,98.7,-0.5000000000000004,0.8660254037844384
1868-12-01,112.8,-2.4492935982947064e-16,1.0
1869-01-01,101.6,0.4999999999999999,0.8660254037844387
1869-02-01,99.9,0.8660254037844386,0.5000000000000001
1869-03-01,88.0,1.0,6.123233995736766e-17
1869-04-01,68.4,0.8660254037844387,-0.4999999999999998
1869-05-01,173.4,0.4999999999999999,-0.8660254037844387
1869-06-01,180.7,1.2246467991473532e-16,-1.0
1869-07-01,98.8,-0.4999999999999997,-0.8660254037844388
1869-08-01,132.7,-0.8660254037844385,-0.5000000000000004
1869-09-01,134.5,-1.0,-1.8369701987210294e-16
1869-10-01,99.0,-0.8660254037844386,0.5000000000000001
1869-11-01,130.2,-0.5000000000000004,0.8660254037844384
1869-12-01,174.1,-2.4492935982947064e-16,1.0
1870-01-01,129.0,0.4999999999999999,0.8660254037844387
1870-02-01,191.7,0.8660254037844386,0.5000000000000001
1870-03-01,262.7,1.0,6.123233995736766e-17
1870-04-01,266.9,0.8660254037844387,-0.4999999999999998
1870-05-01,293.6,0.4999999999999999,-0.8660254037844387
1870-06-01,226.3,1.2246467991473532e-16,-1.0
1870-07-01,220.9,-0.4999999999999997,-0.8660254037844388
1870-08-01,256.5,-0.8660254037844385,-0.5000000000000004
1870-09-01,226.8,-1.0,-1.8369701987210294e-16
1870-10-01,244.3,-0.8660254037844386,0.5000000000000001
1870-11-01,246.0,-0.5000000000000004,0.8660254037844384
1870-12-01,216.7,-2.4492935982947064e-16,1.0
1871-01-01,147.2,0.4999999999999999,0.8660254037844387
1871-02-01,209.0,0.8660254037844386,0.5000000000000001
1871-03-01,238.7,1.0,6.123233995736766e-17
1871-04-01,270.9,0.8660254037844387,-0.4999999999999998
1871-05-01,242.6,0.4999999999999999,-0.8660254037844387
1871-06-01,152.9,1.2246467991473532e-16,-1.0
1871-07-01,171.8,-0.4999999999999997,-0.8660254037844388
1871-08-01,183.7,-0.8660254037844385,-0.5000000000000004
1871-09-01,133.9,-1.0,-1.8369701987210294e-16
1871-10-01,148.5,-0.8660254037844386,0.5000000000000001
1871-11-01,175.7,-0.5000000000000004,0.8660254037844384
1871-12-01,150.8,-2.4492935982947064e-16,1.0
1872-01-01,132.7,0.4999999999999999,0.8660254037844387
1872-02-01,200.3,0.8660254037844386,0.5000000000000001
1872-03-01,147.5,1.0,6.123233995736766e-17
1872-04-01,170.4,0.8660254037844387,-0.4999999999999998
1872-05-01,179.5,0.4999999999999999,-0.8660254037844387
1872-06-01,183.3,1.2246467991473532e-16,-1.0
1872-07-01,176.0,-0.4999999999999997,-0.8660254037844388
1872-08-01,155.0,-0.8660254037844385,-0.5000000000000004
1872-09-01,191.1,-1.0,-1.8369701987210294e-16
1872-10-01,171.2,-0.8660254037844386,0.5000000000000001
1872-11-01,186.8,-0.5000000000000004,0.8660254037844384
1872-12-01,139.9,-2.4492935982947064e-16,1.0
1873-01-01,144.6,0.4999999999999999,0.8660254037844387
1873-02-01,178.4,0.8660254037844386,0.5000000000000001
1873-03-01,164.0,1.0,6.123233995736766e-17
1873-04-01,127.1,0.8660254037844387,-0.4999999999999998
1873-05-01,80.0,0.4999999999999999,-0.8660254037844387
1873-06-01,74.8,1.2246467991473532e-16,-1.0
1873-07-01,111.7,-0.4999999999999997,-0.8660254037844388
1873-08-01,113.8,-0.8660254037844385,-0.5000000000000004
1873-09-01,78.7,-1.0,-1.8369701987210294e-16
1873-10-01,78.6,-0.8660254037844386,0.5000000000000001
1873-11-01,92.5,-0.5000000000000004,0.8660254037844384
1873-12-01,82.0,-2.4492935982947064e-16,1.0
1874-01-01,101.4,0.4999999999999999,0.8660254037844387
1874-02-01,107.1,0.8660254037844386,0.5000000000000001
1874-03-01,77.5,1.0,6.123233995736766e-17
1874-04-01,53.5,0.8660254037844387,-0.4999999999999998
1874-05-01,74.6,0.4999999999999999,-0.8660254037844387
1874-06-01,63.8,1.2246467991473532e-16,-1.0
1874-07-01,113.2,-0.4999999999999997,-0.8660254037844388
1874-08-01,102.3,-0.8660254037844385,-0.5000000000000004
1874-09-01,46.8,-1.0,-1.8369701987210294e-16
1874-10-01,57.4,-0.8660254037844386,0.5000000000000001
1874-11-01,48.2,-0.5000000000000004,0.8660254037844384
1874-12-01,48.8,-2.4492935982947064e-16,1.0
1875-01-01,24.4,0.4999999999999999,0.8660254037844387
1875-02-01,35.9,0.8660254037844386,0.5000000000000001
1875-03-01,56.4,1.0,6.123233995736766e-17
1875-04-01,48.6,0.8660254037844387,-0.4999999999999998
1875-05-01,19.2,0.4999999999999999,-0.8660254037844387
1875-06-01,39.9,1.2246467991473532e-16,-1.0
1875-07-01,20.9,-0.4999999999999997,-0.8660254037844388
1875-08-01,24.4,-0.8660254037844385,-0.5000000000000004
1875-09-01,4.0,-1.0,-1.8369701987210294e-16
1875-10-01,21.3,-0.8660254037844386,0.5000000000000001
1875-11-01,29.6,-0.5000000000000004,0.8660254037844384
1875-12-01,16.5,-2.4492935982947064e-16,1.0
1876-01-01,23.9,0.4999999999999999,0.8660254037844387
1876-02-01,25.1,0.8660254037844386,0.5000000000000001
1876-03-01,51.1,1.0,6.123233995736766e-17
1876-04-01,3.9,0.8660254037844387,-0.4999999999999998
1876-05-01,8.5,0.4999999999999999,-0.8660254037844387
1876-06-01,2.7,1.2246467991473532e-16,-1.0
1876-07-01,25.5,-0.4999999999999997,-0.8660254037844388
1876-08-01,14.8,-0.8660254037844385,-0.5000000000000004
1876-09-01,16.6,-1.0,-1.8369701987210294e-16
1876-10-01,23.9,-0.8660254037844386,0.5000000000000001
1876-11-01,16.6,-0.5000000000000004,0.8660254037844384
1876-12-01,13.6,-2.4492935982947064e-16,1.0
1877-01-01,40.6,0.4999999999999999,0.8660254037844387
1877-02-01,14.5,0.8660254037844386,0.5000000000000001
1877-03-01,19.9,1.0,6.123233995736766e-17
1877-04-01,26.3,0.8660254037844387,-0.4999999999999998
1877-05-01,36.1,0.4999999999999999,-0.8660254037844387
1877-06-01,23.6,1.2246467991473532e-16,-1.0
1877-07-01,10.0,-0.4999999999999997,-0.8660254037844388
1877-08-01,10.5,-0.8660254037844385,-0.5000000000000004
1877-09-01,28.1,-1.0,-1.8369701987210294e-16
1877-10-01,11.2,-0.8660254037844386,0.5000000000000001
1877-11-01,23.6,-0.5000000000000004,0.8660254037844384
1877-12-01,3.5,-2.4492935982947064e-16,1.0
1878-01-01,5.5,0.4999999999999999,0.8660254037844387
1878-02-01,11.0,0.8660254037844386,0.5000000000000001
1878-03-01,13.1,1.0,6.123233995736766e-17
1878-04-01,0.2,0.8660254037844387,-0.4999999999999998
1878-05-01,9.9,0.4999999999999999,-0.8660254037844387
1878-06-01,10.7,1.2246467991473532e-16,-1.0
1878-07-01,0.2,-0.4999999999999997,-0.8660254037844388
1878-08-01,0.0,-0.8660254037844385,-0.5000000000000004
1878-09-01,8.8,-1.0,-1.8369701987210294e-16
1878-10-01,1.9,-0.8660254037844386,0.5000000000000001
1878-11-01,6.8,-0.5000000000000004,0.8660254037844384
1878-12-01,0.9,-2.4492935982947064e-16,1.0
1879-01-01,1.6,0.4999999999999999,0.8660254037844387
1879-02-01,0.9,0.8660254037844386,0.5000000000000001
1879-03-01,0.0,1.0,6.123233995736766e-17
1879-04-01,10.4,0.8660254037844387,-0.4999999999999998
1879-05-01,4.0,0.4999999999999999,-0.8660254037844387
1879-06-01,8.0,1.2246467991473532e-16,-1.0
1879-07-01,12.6,-0.4999999999999997,-0.8660254037844388
1879-08-01,17.9,-0.8660254037844385,-0.5000000000000004
1879-09-01,10.1,-1.0,-1.8369701987210294e-16
1879-10-01,20.4,-0.8660254037844386,0.5000000000000001
1879-11-01,21.9,-0.5000000000000004,0.8660254037844384
1879-12-01,12.2,-2.4492935982947064e-16,1.0
1880-01-01,40.1,0.4999999999999999,0.8660254037844387
1880-02-01,45.4,0.8660254037844386,0.5000000000000001
1880-03-01,32.1,1.0,6.123233995736766e-17
1880-04-01,32.4,0.8660254037844387,-0.4999999999999998
1880-05-01,39.1,0.4999999999999999,-0.8660254037844387
1880-06-01,56.9,1.2246467991473532e-16,-1.0
1880-07-01,36.5,-0.4999999999999997,-0.8660254037844388
1880-08-01,80.3,-0.8660254037844385,-0.5000000000000004
1880-09-01,110.1,-1.0,-1.8369701987210294e-16
1880-10-01,71.7,-0.8660254037844386,0.5000000000000001
1880-11-01,51.1,-0.5000000000000004,0.8660254037844384
1880-12-01,49.4,-2.4492935982947064e-16,1.0
1881-01-01,60.6,0.4999999999999999,0.8660254037844387
1881-02-01,88.6,0.8660254037844386,0.5000000000000001
1881-03-01,85.8,1.0,6.123233995736766e-17
1881-04-01,86.1,0.8660254037844387,-0.4999999999999998
1881-05-01,72.5,0.4999999999999999,-0.8660254037844387
1881-06-01,100.8,1.2246467991473532e-16,-1.0
1881-07-01,128.2,-0.4999999999999997,-0.8660254037844388
1881-08-01,97.3,-0.8660254037844385,-0.5000000000000004
1881-09-01,88.6,-1.0,-1.8369701987210294e-16
1881-10-01,107.3,-0.8660254037844386,0.5000000000000001
1881-11-01,91.5,-0.5000000000000004,0.8660254037844384
1881-12-01,78.8,-2.4492935982947064e-16,1.0
1882-01-01,75.0,0.4999999999999999,0.8660254037844387
1882-02-01,115.9,0.8660254037844386,0.5000000000000001
1882-03-01,111.5,1.0,6.123233995736766e-17
1882-04-01,159.6,0.8660254037844387,-0.4999999999999998
1882-05-01,106.9,0.4999999999999999,-0.8660254037844387
1882-06-01,75.4,1.2246467991473532e-16,-1.0
1882-07-01,75.7,-0.4999999999999997,-0.8660254037844388
1882-08-01,67.5,-0.8660254037844385,-0.5000000000000004
1882-09-01,96.1,-1.0,-1.8369701987210294e-16
1882-10-01,98.6,-0.8660254037844386,0.5000000000000001
1882-11-01,140.6,-0.5000000000000004,0.8660254037844384
1882-12-01,69.7,-2.4492935982947064e-16,1.0
1883-01-01,101.0,0.4999999999999999,0.8660254037844387
1883-02-01,78.2,0.8660254037844386,0.5000000000000001
1883-03-01,71.3,1.0,6.123233995736766e-17
1883-04-01,136.8,0.8660254037844387,-0.4999999999999998
1883-05-01,52.5,0.4999999999999999,-0.8660254037844387
1883-06-01,127.2,1.2246467991473532e-16,-1.0
1883-07-01,134.4,-0.4999999999999997,-0.8660254037844388
1883-08-01,76.6,-0.8660254037844385,-0.5000000000000004
1883-09-01,87.8,-1.0,-1.8369701987210294e-16
1883-10-01,139.6,-0.8660254037844386,0.5000000000000001
1883-11-01,140.8,-0.5000000000000004,0.8660254037844384
1883-12-01,126.5,-2.4492935982947064e-16,1.0
1884-01-01,152.6,0.4999999999999999,0.8660254037844387
1884-02-01,144.8,0.8660254037844386,0.5000000000000001
1884-03-01,145.8,1.0,6.123233995736766e-17
1884-04-01,126.9,0.8660254037844387,-0.4999999999999998
1884-05-01,110.9,0.4999999999999999,-0.8660254037844387
1884-06-01,85.3,1.2246467991473532e-16,-1.0
1884-07-01,88.5,-0.4999999999999997,-0.8660254037844388
1884-08-01,93.1,-0.8660254037844385,-0.5000000000000004
1884-09-01,103.1,-1.0,-1.8369701987210294e-16
1884-10-01,79.6,-0.8660254037844386,0.5000000000000001
1884-11-01,60.9,-0.5000000000000004,0.8660254037844384
1884-12-01,78.6,-2.4492935982947064e-16,1.0
1885-01-01,71.4,0.4999999999999999,0.8660254037844387
1885-02-01,119.7,0.8660254037844386,0.5000000000000001
1885-03-01,82.9,1.0,6.123233995736766e-17
1885-04-01,91.7,0.8660254037844387,-0.4999999999999998
1885-05-01,121.6,0.4999999999999999,-0.8660254037844387
1885-06-01,139.5,1.2246467991473532e-16,-1.0
1885-07-01,110.9,-0.4999999999999997,-0.8660254037844388
1885-08-01,83.5,-0.8660254037844385,-0.5000000000000004
1885-09-01,66.0,-1.0,-1.8369701987210294e-16
1885-10-01,64.5,-0.8660254037844386,0.5000000000000001
1885-11-01,51.6,-0.5000000000000004,0.8660254037844384
1885-12-01,36.3,-2.4492935982947064e-16,1.0
1886-01-01,49.8,0.4999999999999999,0.8660254037844387
1886-02-01,43.2,0.8660254037844386,0.5000000000000001
1886-03-01,95.5,1.0,6.123233995736766e-17
1886-04-01,72.9,0.8660254037844387,-0.4999999999999998
1886-05-01,51.2,0.4999999999999999,-0.8660254037844387
1886-06-01,45.3,1.2246467991473532e-16,-1.0
1886-07-01,50.4,-0.4999999999999997,-0.8660254037844388
1886-08-01,28.1,-0.8660254037844385,-0.5000000000000004
1886-09-01,35.7,-1.0,-1.8369701987210294e-16
1886-10-01,14.4,-0.8660254037844386,0.5000000000000001
1886-11-01,0.6,-0.5000000000000004,0.8660254037844384
1886-12-01,21.7,-2.4492935982947064e-16,1.0
1887-01-01,17.0,0.4999999999999999,0.8660254037844387
1887-02-01,22.0,0.8660254037844386,0.5000000000000001
1887-03-01,7.1,1.0,6.123233995736766e-17
1887-04-01,11.6,0.8660254037844387,-0.4999999999999998
1887-05-01,33.4,0.4999999999999999,-0.8660254037844387
1887-06-01,26.1,1.2246467991473532e-16,-1.0
1887-07-01,38.9,-0.4999999999999997,-0.8660254037844388
1887-08-01,35.7,-0.8660254037844385,-0.5000000000000004
1887-09-01,12.4,-1.0,-1.8369701987210294e-16
1887-10-01,11.0,-0.8660254037844386,0.5000000000000001
1887-11-01,11.5,-0.5000000000000004,0.8660254037844384
1887-12-01,34.5,-2.4492935982947064e-16,1.0
1888-01-01,21.2,0.4999999999999999,0.8660254037844387
1888-02-01,11.8,0.8660254037844386,0.5000000000000001
1888-03-01,13.1,1.0,6.123233995736766e-17
1888-04-01,8.5,0.8660254037844387,-0.4999999999999998
1888-05-01,11.7,0.4999999999999999,-0.8660254037844387
1888-06-01,11.8,1.2246467991473532e-16,-1.0
1888-07-01,5.0,-0.4999999999999997,-0.8660254037844388
1888-08-01,4.6,-0.8660254037844385,-0.5000000000000004
1888-09-01,14.6,-1.0,-1.8369701987210294e-16
1888-10-01,3.4,-0.8660254037844386,0.5000000000000001
1888-11-01,17.9,-0.5000000000000004,0.8660254037844384
1888-12-01,11.1,-2.4492935982947064e-16,1.0
1889-01-01,1.3,0.4999999999999999,0.8660254037844387
1889-02-01,14.2,0.8660254037844386,0.5000000000000001
1889-03-01,11.1,1.0,6.123233995736766e-17
1889-04-01,7.3,0.8660254037844387,-0.4999999999999998
1889-05-01,4.0,0.4999999999999999,-0.8660254037844387
1889-06-01,10.8,1.2246467991473532e-16,-1.0
1889-07-01,15.8,-0.4999999999999997,-0.8660254037844388
1889-08-01,34.3,-0.8660254037844385,-0.5000000000000004
1889-09-01,10.9,-1.0,-1.8369701987210294e-16
1889-10-01,3.4,-0.8660254037844386,0.5000000000000001
1889-11-01,0.3,-0.5000000000000004,0.8660254037844384
1889-12-01,11.2,-2.4492935982947064e-16,1.0
1890-01-01,8.8,0.4999999999999999,0.8660254037844387
1890-02-01,1.1,0.8660254037844386,0.5000000000000001
1890-03-01,8.5,1.0,6.123233995736766e-17
1890-04-01,2.7,0.8660254037844387,-0.4999999999999998
1890-05-01,7.9,0.4999999999999999,-0.8660254037844387
1890-06-01,2.2,1.2246467991473532e-16,-1.0
1890-07-01,19.3,-0.4999999999999997,-0.8660254037844388
1890-08-01,14.2,-0.8660254037844385,-0.5000000000000004
1890-09-01,28.6,-1.0,-1.8369701987210294e-16
1890-10-01,18.6,-0.8660254037844386,0.5000000000000001
1890-11-01,15.9,-0.5000000000000004,0.8660254037844384
1890-12-01,13.1,-2.4492935982947064e-16,1.0
1891-01-01,22.5,0.4999999999999999,0.8660254037844387
1891-02-01,36.9,0.8660254037844386,0.5000000000000001
1891-03-01,17.2,1.0,6.123233995736766e-17
1891-04-01,34.2,0.8660254037844387,-0.4999999999999998
1891-05-01,68.5,0.4999999999999999,-0.8660254037844387
1891-06-01,80.4,1.2246467991473532e-16,-1.0
1891-07-01,98.0,-0.4999999999999997,-0.8660254037844388
1891-08-01,55.1,-0.8660254037844385,-0.5000000000000004
1891-09-01,89.7,-1.0,-1.8369701987210294e-16
1891-10-01,86.0,-0.8660254037844386,0.5000000000000001
1891-11-01,69.8,-0.5000000000000004,0.8660254037844384
1891-12-01,54.3,-2.4492935982947064e-16,1.0
1892-01-01,115.2,0.4999999999999999,0.8660254037844387
1892-02-01,126.1,0.8660254037844386,0.5000000000000001
1892-03-01,83.3,1.0,6.123233995736766e-17
1892-04-01,116.0,0.8660254037844387,-0.4999999999999998
1892-05-01,132.7,0.4999999999999999,-0.8660254037844387
1892-06-01,127.3,1.2246467991473532e-16,-1.0
1892-07-01,127.6,-0.4999999999999997,-0.8660254037844388
1892-08-01,169.0,-0.8660254037844385,-0.5000000000000004
1892-09-01,104.7,-1.0,-1.8369701987210294e-16
1892-10-01,117.5,-0.8660254037844386,0.5000000000000001
1892-11-01,108.9,-0.5000000000000004,0.8660254037844384
1892-12-01,131.0,-2.4492935982947064e-16,1.0
1893-01-01,125.0,0.4999999999999999,0.8660254037844387
1893-02-01,121.6,0.8660254037844386,0.5000000000000001
1893-03-01,109.5,1.0,6.123233995736766e-17
1893-04-01,146.8,0.8660254037844387,-0.4999999999999998
1893-05-01,141.3,0.4999999999999999,-0.8660254037844387
1893-06-01,149.8,1.2246467991473532e-16,-1.0
1893-07-01,147.6,-0.4999999999999997,-0.8660254037844388
1893-08-01,215.4,-0.8660254037844385,-0.5000000000000004
1893-09-01,129.9,-1.0,-1.8369701987210294e-16
1893-10-01,133.3,-0.8660254037844386,0.5000000000000001
1893-11-01,125.2,-0.5000000000000004,0.8660254037844384
1893-12-01,156.4,-2.4492935982947064e-16,1.0
1894-01-01,138.6,0.4999999999999999,0.8660254037844387
1894-02-01,141.0,0.8660254037844386,0.5000000000000001
1894-03-01,87.1,1.0,6.123233995736766e-17
1894-04-01,136.0,0.8660254037844387,-0.4999999999999998
1894-05-01,168.7,0.4999999999999999,-0.8660254037844387
1894-06-01,164.8,1.2246467991473532e-16,-1.0
1894-07-01,176.7,-0.4999999999999997,-0.8660254037844388
1894-08-01,117.1,-0.8660254037844385,-0.5000000000000004
1894-09-01,110.0,-1.0,-1.8369701987210294e-16
1894-10-01,125.7,-0.8660254037844386,0.5000000000000001
1894-11-01,94.3,-0.5000000000000004,0.8660254037844384
1894-12-01,100.1,-2.4492935982947064e-16,1.0
1895-01-01,105.4,0.4999999999999999,0.8660254037844387
1895-02-01,112.0,0.8660254037844386,0.5000000000000001
1895-03-01,101.6,1.0,6.123233995736766e-17
1895-04-01,128.2,0.8660254037844387,-0.4999999999999998
1895-05-01,112.5,0.4999999999999999,-0.8660254037844387
1895-06-01,119.1,1.2246467991473532e-16,-1.0
1895-07-01,79.7,-0.4999999999999997,-0.8660254037844388
1895-08-01,114.9,-0.8660254037844385,-0.5000000000000004
1895-09-01,96.1,-1.0,-1.8369701987210294e-16
1895-10-01,113.2,-0.8660254037844386,0.5000000000000001
1895-11-01,78.6,-0.5000000000000004,0.8660254037844384
1895-12-01,117.9,-2.4492935982947064e-16,1.0
1896-01-01,48.4,0.4999999999999999,0.8660254037844387
1896-02-01,95.7,0.8660254037844386,0.5000000000000001
1896-03-01,86.5,1.0,6.123233995736766e-17
1896-04-01,73.0,0.8660254037844387,-0.4999999999999998
1896-05-01,46.1,0.4999999999999999,-0.8660254037844387
1896-06-01,81.7,1.2246467991473532e-16,-1.0
1896-07-01,75.2,-0.4999999999999997,-0.8660254037844388
1896-08-01,45.4,-0.8660254037844385,-0.5000000000000004
1896-09-01,102.2,-1.0,-1.8369701987210294e-16
1896-10-01,47.9,-0.8660254037844386,0.5000000000000001
1896-11-01,63.3,-0.5000000000000004,0.8660254037844384
1896-12-01,71.0,-2.4492935982947064e-16,1.0
1897-01-01,67.6,0.4999999999999999,0.8660254037844387
1897-02-01,49.0,0.8660254037844386,0.5000000000000001
1897-03-01,48.7,1.0,6.123233995736766e-17
1897-04-01,51.7,0.8660254037844387,-0.4999999999999998
1897-05-01,33.3,0.4999999999999999,-0.8660254037844387
1897-06-01,18.9,1.2246467991473532e-16,-1.0
1897-07-01,46.1,-0.4999999999999997,-0.8660254037844388
1897-08-01,36.4,-0.8660254037844385,-0.5000000000000004
1897-09-01,80.4,-1.0,-1.8369701987210294e-16
1897-10-01,23.9,-0.8660254037844386,0.5000000000000001
1897-11-01,14.0,-0.5000000000000004,0.8660254037844384
1897-12-01,55.5,-2.4492935982947064e-16,1.0
1898-01-01,50.4,0.4999999999999999,0.8660254037844387
1898-02-01,60.7,0.8660254037844386,0.5000000000000001
1898-03-01,63.9,1.0,6.123233995736766e-17
1898-04-01,24.2,0.8660254037844387,-0.4999999999999998
1898-05-01,43.0,0.4999999999999999,-0.8660254037844387
1898-06-01,37.1,1.2246467991473532e-16,-1.0
1898-07-01,15.0,-0.4999999999999997,-0.8660254037844388
1898-08-01,52.3,-0.8660254037844385,-0.5000000000000004
1898-09-01,58.1,-1.0,-1.8369701987210294e-16
1898-10-01,57.1,-0.8660254037844386,0.5000000000000001
1898-11-01,51.6,-0.5000000000000004,0.8660254037844384
1898-12-01,21.1,-2.4492935982947064e-16,1.0
1899-01-01,32.4,0.4999999999999999,0.8660254037844387
1899-02-01,15.3,0.8660254037844386,0.5000000000000001
1899-03-01,30.3,1.0,6.123233995736766e-17
1899-04-01,23.6,0.8660254037844387,-0.4999999999999998
1899-05-01,12.9,0.4999999999999999,-0.8660254037844387
1899-06-01,34.1,1.2246467991473532e-16,-1.0
1899-07-01,22.5,-0.4999999999999997,-0.8660254037844388
1899-08-01,4.9,-0.8660254037844385,-0.5000000000000004
1899-09-01,14.0,-1.0,-1.8369701987210294e-16
1899-10-01,21.7,-0.8660254037844386,0.5000000000000001
1899-11-01,13.0,-0.5000000000000004,0.8660254037844384
1899-12-01,17.6,-2.4492935982947064e-16,1.0
1900-01-01,15.7,0.4999999999999999,0.8660254037844387
1900-02-01,22.8,0.8660254037844386,0.5000000000000001
1900-03-01,14.4,1.0,6.123233995736766e-17
1900-04-01,26.8,0.8660254037844387,-0.4999999999999998
1900-05-01,25.3,0.4999999999999999,-0.8660254037844387
1900-06-01,20.1,1.2246467991473532e-16,-1.0
1900-07-01,13.9,-0.4999999999999997,-0.8660254037844388
1900-08-01,7.1,-0.8660254037844385,-0.5000000000000004
1900-09-01,13.9,-1.0,-1.8369701987210294e-16
1900-10-01,21.6,-0.8660254037844386,0.5000000000000001
1900-11-01,7.5,-0.5000000000000004,0.8660254037844384
1900-12-01,0.5,-2.4492935982947064e-16,1.0
1901-01-01,0.4,0.4999999999999999,0.8660254037844387
1901-02-01,4.0,0.8660254037844386,0.5000000000000001
1901-03-01,7.4,1.0,6.123233995736766e-17
1901-04-01,0.0,0.8660254037844387,-0.4999999999999998
1901-05-01,17.0,0.4999999999999999,-0.8660254037844387
1901-06-01,9.7,1.2246467991473532e-16,-1.0
1901-07-01,1.2,-0.4999999999999997,-0.8660254037844388
1901-08-01,1.7,-0.8660254037844385,-0.5000000000000004
1901-09-01,0.9,-1.0,-1.8369701987210294e-16
1901-10-01,6.3,-0.8660254037844386,0.5000000000000001
1901-11-01,6.4,-0.5000000000000004,0.8660254037844384
1901-12-01,0.0,-2.4492935982947064e-16,1.0
1902-01-01,9.3,0.4999999999999999,0.8660254037844387
1902-02-01,0.0,0.8660254037844386,0.5000000000000001
1902-03-01,20.7,1.0,6.123233995736766e-17
1902-04-01,0.0,0.8660254037844387,-0.4999999999999998
1902-05-01,4.7,0.4999999999999999,-0.8660254037844387
1902-06-01,2.4,1.2246467991473532e-16,-1.0
1902-07-01,1.5,-0.4999999999999997,-0.8660254037844388
1902-08-01,3.8,-0.8660254037844385,-0.5000000000000004
1902-09-01,12.6,-1.0,-1.8369701987210294e-16
1902-10-01,27.2,-0.8660254037844386,0.5000000000000001
1902-11-01,17.2,-0.5000000000000004,0.8660254037844384
1902-12-01,1.8,-2.4492935982947064e-16,1.0
1903-01-01,13.9,0.4999999999999999,0.8660254037844387
1903-02-01,28.4,0.8660254037844386,0.5000000000000001
1903-03-01,22.5,1.0,6.123233995736766e-17
1903-04-01,43.5,0.8660254037844387,-0.4999999999999998
1903-05-01,24.3,0.4999999999999999,-0.8660254037844387
1903-06-01,27.2,1.2246467991473532e-16,-1.0
1903-07-01,46.4,-0.4999999999999997,-0.8660254037844388
1903-08-01,48.0,-0.8660254037844385,-0.5000000000000004
1903-09-01,18.5,-1.0,-1.8369701987210294e-16
1903-10-01,64.8,-0.8660254037844386,0.5000000000000001
1903-11-01,74.2,-0.5000000000000004,0.8660254037844384
1903-12-01,76.2,-2.4492935982947064e-16,1.0
1904-01-01,52.6,0.4999999999999999,0.8660254037844387
1904-02-01,40.8,0.8660254037844386,0.5000000000000001
1904-03-01,61.9,1.0,6.123233995736766e-17
1904-04-01,71.6,0.8660254037844387,-0.4999999999999998
1904-05-01,65.7,0.4999999999999999,-0.8660254037844387
1904-06-01,69.8,1.2246467991473532e-16,-1.0
1904-07-01,84.3,-0.4999999999999997,-0.8660254037844388
1904-08-01,97.1,-0.8660254037844385,-0.5000000000000004
1904-09-01,50.2,-1.0,-1.8369701987210294e-16
1904-10-01,90.4,-0.8660254037844386,0.5000000000000001
1904-11-01,63.4,-0.5000000000000004,0.8660254037844384
1904-12-01,91.1,-2.4492935982947064e-16,1.0
1905-01-01,91.2,0.4999999999999999,0.8660254037844387
1905-02-01,143.0,0.8660254037844386,0.5000000000000001
1905-03-01,94.3,1.0,6.123233995736766e-17
1905-04-01,65.5,0.8660254037844387,-0.4999999999999998
1905-05-01,79.9,0.4999999999999999,-0.8660254037844387
1905-06-01,81.6,1.2246467991473532e-16,-1.0
1905-07-01,121.6,-0.4999999999999997,-0.8660254037844388
1905-08-01,98.1,-0.8660254037844385,-0.5000000000000004
1905-09-01,91.8,-1.0,-1.8369701987210294e-16
1905-10-01,131.2,-0.8660254037844386,0.5000000000000001
1905-11-01,178.7,-0.5000000000000004,0.8660254037844384
1905-12-01,92.5,-2.4492935982947064e-16,1.0
1906-01-01,75.8,0.4999999999999999,0.8660254037844387
1906-02-01,52.3,0.8660254037844386,0.5000000000000001
1906-03-01,107.4,1.0,6.123233995736766e-17
1906-04-01,92.2,0.8660254037844387,-0.4999999999999998
1906-05-01,96.2,0.4999999999999999,-0.8660254037844387
1906-06-01,105.3,1.2246467991473532e-16,-1.0
1906-07-01,172.7,-0.4999999999999997,-0.8660254037844388
1906-08-01,79.6,-0.8660254037844385,-0.5000000000000004
1906-09-01,93.5,-1.0,-1.8369701987210294e-16
1906-10-01,29.7,-0.8660254037844386,0.5000000000000001
1906-11-01,64.8,-0.5000000000000004,0.8660254037844384
1906-12-01,108.0,-2.4492935982947064e-16,1.0
1907-01-01,127.4,0.4999999999999999,0.8660254037844387
1907-02-01,180.3,0.8660254037844386,0.5000000000000001
1907-03-01,101.1,1.0,6.123233995736766e-17
1907-04-01,87.6,0.8660254037844387,-0.4999999999999998
1907-05-01,71.4,0.4999999999999999,-0.8660254037844387
1907-06-01,67.2,1.2246467991473532e-16,-1.0
1907-07-01,82.9,-0.4999999999999997,-0.8660254037844388
1907-08-01,90.5,-0.8660254037844385,-0.5000000000000004
1907-09-01,141.7,-1.0,-1.8369701987210294e-16
1907-10-01,109.1,-0.8660254037844386,0.5000000000000001
1907-11-01,102.5,-0.5000000000000004,0.8660254037844384
1907-12-01,78.9,-2.4492935982947064e-16,1.0
1908-01-01,65.4,0.4999999999999999,0.8660254037844387
1908-02-01,56.6,0.8660254037844386,0.5000000000000001
1908-03-01,47.9,1.0,6.123233995736766e-17
1908-04-01,96.1,0.8660254037844387,-0.4999999999999998
1908-05-01,68.0,0.4999999999999999,-0.8660254037844387
1908-06-01,80.2,1.2246467991473532e-16,-1.0
1908-07-01,65.8,-0.4999999999999997,-0.8660254037844388
1908-08-01,150.9,-0.8660254037844385,-0.5000000000000004
1908-09-01,144.9,-1.0,-1.8369701987210294e-16
1908-10-01,53.9,-0.8660254037844386,0.5000000000000001
1908-11-01,75.9,-0.5000000000000004,0.8660254037844384
1908-12-01,65.9,-2.4492935982947064e-16,1.0
1909-01-01,94.6,0.4999999999999999,0.8660254037844387
1909-02-01,77.6,0.8660254037844386,0.5000000000000001
1909-03-01,110.5,1.0,6.123233995736766e-17
1909-04-01,53.7,0.8660254037844387,-0.4999999999999998
1909-05-01,60.0,0.4999999999999999,-0.8660254037844387
1909-06-01,37.8,1.2246467991473532e-16,-1.0
1909-07-01,59.6,-0.4999999999999997,-0.8660254037844388
1909-08-01,38.5,-0.8660254037844385,-0.5000000000000004
1909-09-01,64.7,-1.0,-1.8369701987210294e-16
1909-10-01,97.4,-0.8660254037844386,0.5000000000000001
1909-11-01,93.0,-0.5000000000000004,0.8660254037844384
1909-12-01,90.2,-2.4492935982947064e-16,1.0
1910-01-01,44.0,0.4999999999999999,0.8660254037844387
1910-02-01,52.5,0.8660254037844386,0.5000000000000001
1910-03-01,35.7,1.0,6.123233995736766e-17
1910-04-01,14.1,0.8660254037844387,-0.4999999999999998
1910-05-01,36.9,0.4999999999999999,-0.8660254037844387
1910-06-01,20.5,1.2246467991473532e-16,-1.0
1910-07-01,23.5,-0.4999999999999997,-0.8660254037844388
1910-08-01,19.3,-0.8660254037844385,-0.5000000000000004
1910-09-01,43.7,-1.0,-1.8369701987210294e-16
1910-10-01,63.9,-0.8660254037844386,0.5000000000000001
1910-11-01,8.3,-0.5000000000000004,0.8660254037844384
1910-12-01,9.6,-2.4492935982947064e-16,1.0
1911-01-01,5.6,0.4999999999999999,0.8660254037844387
1911-02-01,15.0,0.8660254037844386,0.5000000000000001
1911-03-01,13.0,1.0,6.123233995736766e-17
1911-04-01,27.6,0.8660254037844387,-0.4999999999999998
1911-05-01,15.1,0.4999999999999999,-0.8660254037844387
1911-06-01,3.7,1.2246467991473532e-16,-1.0
1911-07-01,5.9,-0.4999999999999997,-0.8660254037844388
1911-08-01,6.7,-0.8660254037844385,-0.5000000000000004
1911-09-01,6.7,-1.0,-1.8369701987210294e-16
1911-10-01,4.5,-0.8660254037844386,0.5000000000000001
1911-11-01,7.0,-0.5000000000000004,0.8660254037844384
1911-12-01,3.7,-2.4492935982947064e-16,1.0
1912-01-01,0.4,0.4999999999999999,0.8660254037844387
1912-02-01,0.0,0.8660254037844386,0.5000000000000001
1912-03-01,8.2,1.0,6.123233995736766e-17
1912-04-01,7.6,0.8660254037844387,-0.4999999999999998
1912-05-01,7.4,0.4999999999999999,-0.8660254037844387
1912-06-01,6.9,1.2246467991473532e-16,-1.0
1912-07-01,4.9,-0.4999999999999997,-0.8660254037844388
1912-08-01,0.5,-0.8660254037844385,-0.5000000000000004
1912-09-01,15.9,-1.0,-1.8369701987210294e-16
1912-10-01,7.6,-0.8660254037844386,0.5000000000000001
1912-11-01,1.9,-0.5000000000000004,0.8660254037844384
1912-12-01,10.6,-2.4492935982947064e-16,1.0
1913-01-01,3.8,0.4999999999999999,0.8660254037844387
1913-02-01,4.8,0.8660254037844386,0.5000000000000001
1913-03-01,0.8,1.0,6.123233995736766e-17
1913-04-01,1.6,0.8660254037844387,-0.4999999999999998
1913-05-01,0.0,0.4999999999999999,-0.8660254037844387
1913-06-01,0.0,1.2246467991473532e-16,-1.0
1913-07-01,2.9,-0.4999999999999997,-0.8660254037844388
1913-08-01,0.4,-0.8660254037844385,-0.5000000000000004
1913-09-01,2.0,-1.0,-1.8369701987210294e-16
1913-10-01,5.2,-0.8660254037844386,0.5000000000000001
1913-11-01,1.2,-0.5000000000000004,0.8660254037844384
1913-12-01,6.3,-2.4492935982947064e-16,1.0
1914-01-01,4.7,0.4999999999999999,0.8660254037844387
1914-02-01,4.4,0.8660254037844386,0.5000000000000001
1914-03-01,5.3,1.0,6.123233995736766e-17
1914-04-01,28.9,0.8660254037844387,-0.4999999999999998
1914-05-01,8.7,0.4999999999999999,-0.8660254037844387
1914-06-01,19.1,1.2246467991473532e-16,-1.0
1914-07-01,9.1,-0.4999999999999997,-0.8660254037844388
1914-08-01,12.9,-0.8660254037844385,-0.5000000000000004
1914-09-01,21.2,-1.0,-1.8369701987210294e-16
1914-10-01,13.7,-0.8660254037844386,0.5000000000000001
1914-11-01,27.3,-0.5000000000000004,0.8660254037844384
1914-12-01,37.3,-2.4492935982947064e-16,1.0
1915-01-01,38.5,0.4999999999999999,0.8660254037844387
1915-02-01,70.4,0.8660254037844386,0.5000000000000001
1915-03-01,64.8,1.0,6.123233995736766e-17
1915-04-01,68.9,0.8660254037844387,-0.4999999999999998
1915-05-01,55.1,0.4999999999999999,-0.8660254037844387
1915-06-01,114.7,1.2246467991473532e-16,-1.0
1915-07-01,119.4,-0.4999999999999997,-0.8660254037844388
1915-08-01,116.0,-0.8660254037844385,-0.5000000000000004
1915-09-01,82.4,-1.0,-1.8369701987210294e-16
1915-10-01,89.1,-0.8660254037844386,0.5000000000000001
1915-11-01,70.9,-0.5000000000000004,0.8660254037844384
1915-12-01,57.5,-2.4492935982947064e-16,1.0
1916-01-01,75.5,0.4999999999999999,0.8660254037844387
1916-02-01,92.4,0.8660254037844386,0.5000000000000001
1916-03-01,111.7,1.0,6.123233995736766e-17
1916-04-01,119.8,0.8660254037844387,-0.4999999999999998
1916-05-01,124.0,0.4999999999999999,-0.8660254037844387
1916-06-01,112.9,1.2246467991473532e-16,-1.0
1916-07-01,89.3,-0.4999999999999997,-0.8660254037844388
1916-08-01,58.6,-0.8660254037844385,-0.5000000000000004
1916-09-01,75.1,-1.0,-1.8369701987210294e-16
1916-10-01,84.5,-0.8660254037844386,0.5000000000000001
1916-11-01,109.5,-0.5000000000000004,0.8660254037844384
1916-12-01,88.3,-2.4492935982947064e-16,1.0
1917-01-01,124.5,0.4999999999999999,0.8660254037844387
1917-02-01,119.9,0.8660254037844386,0.5000000000000001
1917-03-01,158.0,1.0,6.123233995736766e-17
1917-04-01,124.6,0.8660254037844387,-0.4999999999999998
1917-05-01,190.2,0.4999999999999999,-0.8660254037844387
1917-06-01,191.4,1.2246467991473532e-16,-1.0
1917-07-01,199.7,-0.4999999999999997,-0.8660254037844388
1917-08-01,257.7,-0.8660254037844385,-0.5000000000000004
1917-09-01,215.6,-1.0,-1.8369701987210294e-16
1917-10-01,120.3,-0.8660254037844386,0.5000000000000001
1917-11-01,160.7,-0.5000000000000004,0.8660254037844384
1917-12-01,215.5,-2.4492935982947064e-16,1.0
1918-01-01,160.0,0.4999999999999999,0.8660254037844387
1918-02-01,108.7,0.8660254037844386,0.5000000000000001
1918-03-01,120.4,1.0,6.123233995736766e-17
1918-04-01,134.1,0.8660254037844387,-0.4999999999999998
1918-05-01,127.9,0.4999999999999999,-0.8660254037844387
1918-06-01,99.0,1.2246467991473532e-16,-1.0
1918-07-01,179.5,-0.4999999999999997,-0.8660254037844388
1918-08-01,169.6,-0.8660254037844385,-0.5000000000000004
1918-09-01,133.2,-1.0,-1.8369701987210294e-16
1918-10-01,141.7,-0.8660254037844386,0.5000000000000001
1918-11-01,139.0,-0.5000000000000004,0.8660254037844384
1918-12-01,98.5,-2.4492935982947064e-16,1.0
1919-01-01,80.2,0.4999999999999999,0.8660254037844387
1919-02-01,132.5,0.8660254037844386,0.5000000000000001
1919-03-01,110.9,1.0,6.123233995736766e-17
1919-04-01,86.3,0.8660254037844387,-0.4999999999999998
1919-05-01,146.9,0.4999999999999999,-0.8660254037844387
1919-06-01,185.3,1.2246467991473532e-16,-1.0
1919-07-01,107.8,-0.4999999999999997,-0.8660254037844388
1919-08-01,115.1,-0.8660254037844385,-0.5000000000000004
1919-09-01,91.1,-1.0,-1.8369701987210294e-16
1919-10-01,88.0,-0.8660254037844386,0.5000000000000001
1919-11-01,69.9,-0.5000000000000004,0.8660254037844384
1919-12-01,58.0,-2.4492935982947064e-16,1.0
1920-01-01,85.3,0.4999999999999999,0.8660254037844387
1920-02-01,89.8,0.8660254037844386,0.5000000000000001
1920-03-01,116.9,1.0,6.123233995736766e-17
1920-04-01,24.7,0.8660254037844387,-0.4999999999999998
1920-05-01,55.4,0.4999999999999999,-0.8660254037844387
1920-06-01,64.6,1.2246467991473532e-16,-1.0
1920-07-01,45.7,-0.4999999999999997,-0.8660254037844388
1920-08-01,31.9,-0.8660254037844385,-0.5000000000000004
1920-09-01,60.5,-1.0,-1.8369701987210294e-16
1920-10-01,82.7,-0.8660254037844386,0.5000000000000001
1920-11-01,45.3,-0.5000000000000004,0.8660254037844384
1920-12-01,49.8,-2.4492935982947064e-16,1.0
1921-01-01,52.5,0.4999999999999999,0.8660254037844387
1921-02-01,47.1,0.8660254037844386,0.5000000000000001
1921-03-01,44.5,1.0,6.123233995736766e-17
1921-04-01,54.0,0.8660254037844387,-0.4999999999999998
1921-05-01,37.0,0.4999999999999999,-0.8660254037844387
1921-06-01,56.2,1.2246467991473532e-16,-1.0
1921-07-01,69.7,-0.4999999999999997,-0.8660254037844388
1921-08-01,38.0,-0.8660254037844385,-0.5000000000000004
1921-09-01,29.6,-1.0,-1.8369701987210294e-16
1921-10-01,30.3,-0.8660254037844386,0.5000000000000001
1921-11-01,29.6,-0.5000000000000004,0.8660254037844384
1921-12-01,33.9,-2.4492935982947064e-16,1.0
1922-01-01,19.7,0.4999999999999999,0.8660254037844387
1922-02-01,43.9,0.8660254037844386,0.5000000000000001
1922-03-01,91.3,1.0,6.123233995736766e-17
1922-04-01,18.3,0.8660254037844387,-0.4999999999999998
1922-05-01,13.4,0.4999999999999999,-0.8660254037844387
1922-06-01,9.8,1.2246467991473532e-16,-1.0
1922-07-01,18.3,-0.4999999999999997,-0.8660254037844388
1922-08-01,10.9,-0.8660254037844385,-0.5000000000000004
1922-09-01,7.8,-1.0,-1.8369701987210294e-16
1922-10-01,10.4,-0.8660254037844386,0.5000000000000001
1922-11-01,12.2,-0.5000000000000004,0.8660254037844384
1922-12-01,29.0,-2.4492935982947064e-16,1.0
1923-01-01,7.5,0.4999999999999999,0.8660254037844387
1923-02-01,2.5,0.8660254037844386,0.5000000000000001
1923-03-01,5.5,1.0,6.123233995736766e-17
1923-04-01,10.2,0.8660254037844387,-0.4999999999999998
1923-05-01,5.3,0.4999999999999999,-0.8660254037844387
1923-06-01,15.3,1.2246467991473532e-16,-1.0
1923-07-01,5.9,-0.4999999999999997,-0.8660254037844388
1923-08-01,0.8,-0.8660254037844385,-0.5000000000000004
1923-09-01,22.1,-1.0,-1.8369701987210294e-16
1923-10-01,19.5,-0.8660254037844386,0.5000000000000001
1923-11-01,16.7,-0.5000000000000004,0.8660254037844384
1923-12-01,4.6,-2.4492935982947064e-16,1.0
1924-01-01,0.8,0.4999999999999999,0.8660254037844387
1924-02-01,8.5,0.8660254037844386,0.5000000000000001
1924-03-01,3.0,1.0,6.123233995736766e-17
1924-04-01,18.9,0.8660254037844387,-0.4999999999999998
1924-05-01,34.6,0.4999999999999999,-0.8660254037844387
1924-06-01,40.0,1.2246467991473532e-16,-1.0
1924-07-01,46.9,-0.4999999999999997,-0.8660254037844388
1924-08-01,32.1,-0.8660254037844385,-0.5000000000000004
1924-09-01,41.9,-1.0,-1.8369701987210294e-16
1924-10-01,42.6,-0.8660254037844386,0.5000000000000001
1924-11-01,37.5,-0.5000000000000004,0.8660254037844384
1924-12-01,27.5,-2.4492935982947064e-16,1.0
1925-01-01,9.1,0.4999999999999999,0.8660254037844387
1925-02-01,38.6,0.8660254037844386,0.5000000000000001
1925-03-01,30.0,1.0,6.123233995736766e-17
1925-04-01,53.0,0.8660254037844387,-0.4999999999999998
1925-05-01,71.4,0.4999999999999999,-0.8660254037844387
1925-06-01,79.1,1.2246467991473532e-16,-1.0
1925-07-01,64.2,-0.4999999999999997,-0.8660254037844388
1925-08-01,63.3,-0.8660254037844385,-0.5000000000000004
1925-09-01,100.3,-1.0,-1.8369701987210294e-16
1925-10-01,115.3,-0.8660254037844386,0.5000000000000001
1925-11-01,97.6,-0.5000000000000004,0.8660254037844384
1925-12-01,164.4,-2.4492935982947064e-16,1.0
1926-01-01,119.7,0.4999999999999999,0.8660254037844387
1926-02-01,116.4,0.8660254037844386,0.5000000000000001
1926-03-01,104.2,1.0,6.123233995736766e-17
1926-04-01,64.2,0.8660254037844387,-0.4999999999999998
1926-05-01,107.0,0.4999999999999999,-0.8660254037844387
1926-06-01,122.4,1.2246467991473532e-16,-1.0
1926-07-01,87.2,-0.4999999999999997,-0.8660254037844388
1926-08-01,102.7,-0.8660254037844385,-0.5000000000000004
1926-09-01,101.4,-1.0,-1.8369701987210294e-16
1926-10-01,119.3,-0.8660254037844386,0.5000000000000001
1926-11-01,100.8,-0.5000000000000004,0.8660254037844384
1926-12-01,132.4,-2.4492935982947064e-16,1.0
1927-01-01,136.0,0.4999999999999999,0.8660254037844387
1927-02-01,155.1,0.8660254037844386,0.5000000000000001
1927-03-01,116.1,1.0,6.123233995736766e-17
1927-04-01,155.8,0.8660254037844387,-0.4999999999999998
1927-05-01,131.9,0.4999999999999999,-0.8660254037844387
1927-06-01,98.5,1.2246467991473532e-16,-1.0
1927-07-01,91.6,-0.4999999999999997,-0.8660254037844388
1927-08-01,89.6,-0.8660254037844385,-0.5000000000000004
1927-09-01,114.1,-1.0,-1.8369701987210294e-16
1927-10-01,105.2,-0.8660254037844386,0.5000000000000001
1927-11-01,112.1,-0.5000000000000004,0.8660254037844384
1927-12-01,75.3,-2.4492935982947064e-16,1.0
1928-01-01,139.2,0.4999999999999999,0.8660254037844387
1928-02-01,122.4,0.8660254037844386,0.5000000000000001
1928-03-01,142.4,1.0,6.123233995736766e-17
1928-04-01,134.3,0.8660254037844387,-0.4999999999999998
1928-05-01,128.3,0.4999999999999999,-0.8660254037844387
1928-06-01,152.4,1.2246467991473532e-16,-1.0
1928-07-01,163.4,-0.4999999999999997,-0.8660254037844388
1928-08-01,139.6,-0.8660254037844385,-0.5000000000000004
1928-09-01,149.6,-1.0,-1.8369701987210294e-16
1928-10-01,102.3,-0.8660254037844386,0.5000000000000001
1928-11-01,83.9,-0.5000000000000004,0.8660254037844384
1928-12-01,98.3,-2.4492935982947064e-16,1.0
1929-01-01,114.8,0.4999999999999999,0.8660254037844387
1929-02-01,104.7,0.8660254037844386,0.5000000000000001
1929-03-01,83.8,1.0,6.123233995736766e-17
1929-04-01,87.9,0.8660254037844387,-0.4999999999999998
1929-05-01,97.0,0.4999999999999999,-0.8660254037844387
1929-06-01,119.9,1.2246467991473532e-16,-1.0
1929-07-01,117.1,-0.4999999999999997,-0.8660254037844388
1929-08-01,109.6,-0.8660254037844385,-0.5000000000000004
1929-09-01,57.3,-1.0,-1.8369701987210294e-16
1929-10-01,90.1,-0.8660254037844386,0.5000000000000001
1929-11-01,135.1,-0.5000000000000004,0.8660254037844384
1929-12-01,179.9,-2.4492935982947064e-16,1.0
1930-01-01,108.8,0.4999999999999999,0.8660254037844387
1930-02-01,83.1,0.8660254037844386,0.5000000000000001
1930-03-01,58.4,1.0,6.123233995736766e-17
1930-04-01,63.7,0.8660254037844387,-0.4999999999999998
1930-05-01,61.4,0.4999999999999999,-0.8660254037844387
1930-06-01,48.0,1.2246467991473532e-16,-1.0
1930-07-01,36.5,-0.4999999999999997,-0.8660254037844388
1930-08-01,41.5,-0.8660254037844385,-0.5000000000000004
1930-09-01,53.5,-1.0,-1.8369701987210294e-16
1930-10-01,57.2,-0.8660254037844386,0.5000000000000001
1930-11-01,59.4,-0.5000000000000004,0.8660254037844384
1930-12-01,43.0,-2.4492935982947064e-16,1.0
1931-01-01,24.4,0.4999999999999999,0.8660254037844387
1931-02-01,71.8,0.8660254037844386,0.5000000000000001
1931-03-01,50.1,1.0,6.123233995736766e-17
1931-04-01,52.0,0.8660254037844387,-0.4999999999999998
1931-05-01,40.8,0.4999999999999999,-0.8660254037844387
1931-06-01,25.5,1.2246467991473532e-16,-1.0
1931-07-01,29.0,-0.4999999999999997,-0.8660254037844388
1931-08-01,21.6,-0.8660254037844385,-0.5000000000000004
1931-09-01,31.7,-1.0,-1.8369701987210294e-16
1931-10-01,16.6,-0.8660254037844386,0.5000000000000001
1931-11-01,31.2,-0.5000000000000004,0.8660254037844384
1931-12-01,29.7,-2.4492935982947064e-16,1.0
1932-01-01,20.1,0.4999999999999999,0.8660254037844387
1932-02-01,17.6,0.8660254037844386,0.5000000000000001
1932-03-01,18.8,1.0,6.123233995736766e-17
1932-04-01,18.7,0.8660254037844387,-0.4999999999999998
1932-05-01,29.7,0.4999999999999999,-0.8660254037844387
1932-06-01,36.9,1.2246467991473532e-16,-1.0
1932-07-01,16.0,-0.4999999999999997,-0.8660254037844388
1932-08-01,11.3,-0.8660254037844385,-0.5000000000000004
1932-09-01,6.6,-1.0,-1.8369701987210294e-16
1932-10-01,14.8,-0.8660254037844386,0.5000000000000001
1932-11-01,13.7,-0.5000000000000004,0.8660254037844384
1932-12-01,18.5,-2.4492935982947064e-16,1.0
1933-01-01,20.4,0.4999999999999999,0.8660254037844387
1933-02-01,36.9,0.8660254037844386,0.5000000000000001
1933-03-01,16.8,1.0,6.123233995736766e-17
1933-04-01,4.9,0.8660254037844387,-0.4999999999999998
1933-05-01,5.3,0.4999999999999999,-0.8660254037844387
1933-06-01,8.7,1.2246467991473532e-16,-1.0
1933-07-01,4.7,-0.4999999999999997,-0.8660254037844388
1933-08-01,0.4,-0.8660254037844385,-0.5000000000000004
1933-09-01,8.5,-1.0,-1.8369701987210294e-16
1933-10-01,5.0,-0.8660254037844386,0.5000000000000001
1933-11-01,1.0,-0.5000000000000004,0.8660254037844384
1933-12-01,0.4,-2.4492935982947064e-16,1.0
1934-01-01,5.7,0.4999999999999999,0.8660254037844387
1934-02-01,12.9,0.8660254037844386,0.5000000000000001
1934-03-01,7.2,1.0,6.123233995736766e-17
1934-04-01,18.8,0.8660254037844387,-0.4999999999999998
1934-05-01,32.9,0.4999999999999999,-0.8660254037844387
1934-06-01,11.2,1.2246467991473532e-16,-1.0
1934-07-01,15.3,-0.4999999999999997,-0.8660254037844388
1934-08-01,13.9,-0.8660254037844385,-0.5000000000000004
1934-09-01,6.7,-1.0,-1.8369701987210294e-16
1934-10-01,9.5,-0.8660254037844386,0.5000000000000001
1934-11-01,14.5,-0.5000000000000004,0.8660254037844384
1934-12-01,25.7,-2.4492935982947064e-16,1.0
1935-01-01,31.1,0.4999999999999999,0.8660254037844387
1935-02-01,34.1,0.8660254037844386,0.5000000000000001
1935-03-01,38.5,1.0,6.123233995736766e-17
1935-04-01,20.4,0.8660254037844387,-0.4999999999999998
1935-05-01,45.4,0.4999999999999999,-0.8660254037844387
1935-06-01,76.2,1.2246467991473532e-16,-1.0
1935-07-01,56.5,-0.4999999999999997,-0.8660254037844388
1935-08-01,50.2,-0.8660254037844385,-0.5000000000000004
1935-09-01,70.1,-1.0,-1.8369701987210294e-16
1935-10-01,88.7,-0.8660254037844386,0.5000000000000001
1935-11-01,107.0,-0.5000000000000004,0.8660254037844384
1935-12-01,102.5,-2.4492935982947064e-16,1.0
1936-01-01,104.7,0.4999999999999999,0.8660254037844387
1936-02-01,123.9,0.8660254037844386,0.5000000000000001
1936-03-01,128.4,1.0,6.123233995736766e-17
1936-04-01,124.8,0.8660254037844387,-0.4999999999999998
1936-05-01,90.9,0.4999999999999999,-0.8660254037844387
1936-06-01,116.7,1.2246467991473532e-16,-1.0
1936-07-01,87.2,-0.4999999999999997,-0.8660254037844388
1936-08-01,145.0,-0.8660254037844385,-0.5000000000000004
1936-09-01,126.7,-1.0,-1.8369701987210294e-16
1936-10-01,148.2,-0.8660254037844386,0.5000000000000001
1936-11-01,192.3,-0.5000000000000004,0.8660254037844384
1936-12-01,205.6,-2.4492935982947064e-16,1.0
1937-01-01,220.9,0.4999999999999999,0.8660254037844387
1937-02-01,214.1,0.8660254037844386,0.5000000000000001
1937-03-01,139.7,1.0,6.123233995736766e-17
1937-04-01,182.2,0.8660254037844387,-0.4999999999999998
1937-05-01,194.4,0.4999999999999999,-0.8660254037844387
1937-06-01,217.1,1.2246467991473532e-16,-1.0
1937-07-01,241.8,-0.4999999999999997,-0.8660254037844388
1937-08-01,229.5,-0.8660254037844385,-0.5000000000000004
1937-09-01,167.9,-1.0,-1.8369701987210294e-16
1937-10-01,208.2,-0.8660254037844386,0.5000000000000001
1937-11-01,123.9,-0.5000000000000004,0.8660254037844384
1937-12-01,147.9,-2.4492935982947064e-16,1.0
1938-01-01,164.0,0.4999999999999999,0.8660254037844387
1938-02-01,198.6,0.8660254037844386,0.5000000000000001
1938-03-01,144.2,1.0,6.123233995736766e-17
1938-04-01,168.4,0.8660254037844387,-0.4999999999999998
1938-05-01,212.3,0.4999999999999999,-0.8660254037844387
1938-06-01,162.6,1.2246467991473532e-16,-1.0
1938-07-01,275.6,-0.4999999999999997,-0.8660254037844388
1938-08-01,192.8,-0.8660254037844385,-0.5000000000000004
1938-09-01,149.3,-1.0,-1.8369701987210294e-16
1938-10-01,165.3,-0.8660254037844386,0.5000000000000001
1938-11-01,203.6,-0.5000000000000004,0.8660254037844384
1938-12-01,154.7,-2.4492935982947064e-16,1.0
1939-01-01,133.9,0.4999999999999999,0.8660254037844387
1939-02-01,129.0,0.8660254037844386,0.5000000000000001
1939-03-01,107.8,1.0,6.123233995736766e-17
1939-04-01,181.9,0.8660254037844387,-0.4999999999999998
1939-05-01,197.3,0.4999999999999999,-0.8660254037844387
1939-06-01,168.3,1.2246467991473532e-16,-1.0
1939-07-01,162.6,-0.4999999999999997,-0.8660254037844388
1939-08-01,176.3,-0.8660254037844385,-0.5000000000000004
1939-09-01,187.7,-1.0,-1.8369701987210294e-16
1939-10-01,146.9,-0.8660254037844386,0.5000000000000001
1939-11-01,113.7,-0.5000000000000004,0.8660254037844384
1939-12-01,70.2,-2.4492935982947064e-16,1.0
1940-01-01,84.1,0.4999999999999999,0.8660254037844387
1940-02-01,99.1,0.8660254037844386,0.5000000000000001
1940-03-01,138.9,1.0,6.123233995736766e-17
1940-04-01,101.1,0.8660254037844387,-0.4999999999999998
1940-05-01,90.6,0.4999999999999999,-0.8660254037844387
1940-06-01,139.8,1.2246467991473532e-16,-1.0
1940-07-01,112.5,-0.4999999999999997,-0.8660254037844388
1940-08-01,175.9,-0.8660254037844385,-0.5000000000000004
1940-09-01,110.8,-1.0,-1.8369701987210294e-16
1940-10-01,91.5,-0.8660254037844386,0.5000000000000001
1940-11-01,97.4,-0.5000000000000004,0.8660254037844384
1940-12-01,113.8,-2.4492935982947064e-16,1.0
1941-01-01,76.1,0.4999999999999999,0.8660254037844387
1941-02-01,74.3,0.8660254037844386,0.5000000000000001
1941-03-01,77.5,1.0,6.123233995736766e-17
1941-04-01,54.6,0.8660254037844387,-0.4999999999999998
1941-05-01,49.0,0.4999999999999999,-0.8660254037844387
1941-06-01,99.6,1.2246467991473532e-16,-1.0
1941-07-01,111.4,-0.4999999999999997,-0.8660254037844388
1941-08-01,100.1,-0.8660254037844385,-0.5000000000000004
1941-09-01,109.8,-1.0,-1.8369701987210294e-16
1941-10-01,77.2,-0.8660254037844386,0.5000000000000001
1941-11-01,64.0,-0.5000000000000004,0.8660254037844384
1941-12-01,56.2,-2.4492935982947064e-16,1.0
1942-01-01,59.5,0.4999999999999999,0.8660254037844387
1942-02-01,87.9,0.8660254037844386,0.5000000000000001
1942-03-01,90.4,1.0,6.123233995736766e-17
1942-04-01,101.2,0.8660254037844387,-0.4999999999999998
1942-05-01,41.8,0.4999999999999999,-0.8660254037844387
1942-06-01,18.9,1.2246467991473532e-16,-1.0
1942-07-01,29.6,-0.4999999999999997,-0.8660254037844388
1942-08-01,33.7,-0.8660254037844385,-0.5000000000000004
1942-09-01,28.7,-1.0,-1.8369701987210294e-16
1942-10-01,32.0,-0.8660254037844386,0.5000000000000001
1942-11-01,51.3,-0.5000000000000004,0.8660254037844384
1942-12-01,37.6,-2.4492935982947064e-16,1.0
1943-01-01,20.7,0.4999999999999999,0.8660254037844387
1943-02-01,48.1,0.8660254037844386,0.5000000000000001
1943-03-01,45.7,1.0,6.123233995736766e-17
1943-04-01,43.5,0.8660254037844387,-0.4999999999999998
1943-05-01,23.6,0.4999999999999999,-0.8660254037844387
1943-06-01,12.7,1.2246467991473532e-16,-1.0
1943-07-01,22.0,-0.4999999999999997,-0.8660254037844388
1943-08-01,32.3,-0.8660254037844385,-0.5000000000000004
1943-09-01,16.7,-1.0,-1.8369701987210294e-16
1943-10-01,13.0,-0.8660254037844386,0.5000000000000001
1943-11-01,17.0,-0.5000000000000004,0.8660254037844384
1943-12-01,31.4,-2.4492935982947064e-16,1.0
1944-01-01,6.1,0.4999999999999999,0.8660254037844387
1944-02-01,0.8,0.8660254037844386,0.5000000000000001
1944-03-01,18.3,1.0,6.123233995736766e-17
1944-04-01,0.4,0.8660254037844387,-0.4999999999999998
1944-05-01,4.1,0.4999999999999999,-0.8660254037844387
1944-06-01,8.2,1.2246467991473532e-16,-1.0
1944-07-01,8.5,-0.4999999999999997,-0.8660254037844388
1944-08-01,27.9,-0.8660254037844385,-0.5000000000000004
1944-09-01,23.7,-1.0,-1.8369701987210294e-16
1944-10-01,28.1,-0.8660254037844386,0.5000000000000001
1944-11-01,17.9,-0.5000000000000004,0.8660254037844384
1944-12-01,47.4,-2.4492935982947064e-16,1.0
1945-01-01,30.8,0.4999999999999999,0.8660254037844387
1945-02-01,21.2,0.8660254037844386,0.5000000000000001
1945-03-01,35.9,1.0,6.123233995736766e-17
1945-04-01,53.4,0.8660254037844387,-0.4999999999999998
1945-05-01,51.0,0.4999999999999999,-0.8660254037844387
1945-06-01,60.2,1.2246467991473532e-16,-1.0
1945-07-01,71.0,-0.4999999999999997,-0.8660254037844388
1945-08-01,43.1,-0.8660254037844385,-0.5000000000000004
1945-09-01,58.1,-1.0,-1.8369701987210294e-16
1945-10-01,114.5,-0.8660254037844386,0.5000000000000001
1945-11-01,76.6,-0.5000000000000004,0.8660254037844384
1945-12-01,45.7,-2.4492935982947064e-16,1.0
1946-01-01,79.3,0.4999999999999999,0.8660254037844387
1946-02-01,143.8,0.8660254037844386,0.5000000000000001
1946-03-01,127.7,1.0,6.123233995736766e-17
1946-04-01,126.1,0.8660254037844387,-0.4999999999999998
1946-05-01,141.6,0.4999999999999999,-0.8660254037844387
1946-06-01,122.6,1.2246467991473532e-16,-1.0
1946-07-01,193.7,-0.4999999999999997,-0.8660254037844388
1946-08-01,178.7,-0.8660254037844385,-0.5000000000000004
1946-09-01,157.4,-1.0,-1.8369701987210294e-16
1946-10-01,170.5,-0.8660254037844386,0.5000000000000001
1946-11-01,206.3,-0.5000000000000004,0.8660254037844384
1946-12-01,202.9,-2.4492935982947064e-16,1.0
1947-01-01,163.7,0.4999999999999999,0.8660254037844387
1947-02-01,188.9,0.8660254037844386,0.5000000000000001
1947-03-01,183.8,1.0,6.123233995736766e-17
1947-04-01,212.1,0.8660254037844387,-0.4999999999999998
1947-05-01,285.0,0.4999999999999999,-0.8660254037844387
1947-06-01,232.1,1.2246467991473532e-16,-1.0
1947-07-01,223.5,-0.4999999999999997,-0.8660254037844388
1947-08-01,267.4,-0.8660254037844385,-0.5000000000000004
1947-09-01,239.9,-1.0,-1.8369701987210294e-16
1947-10-01,231.7,-0.8660254037844386,0.5000000000000001
1947-11-01,181.3,-0.5000000000000004,0.8660254037844384
1947-12-01,164.9,-2.4492935982947064e-16,1.0
1948-01-01,153.6,0.4999999999999999,0.8660254037844387
1948-02-01,122.0,0.8660254037844386,0.5000000000000001
1948-03-01,134.3,1.0,6.123233995736766e-17
1948-04-01,268.5,0.8660254037844387,-0.4999999999999998
1948-05-01,246.4,0.4999999999999999,-0.8660254037844387
1948-06-01,237.5,1.2246467991473532e-16,-1.0
1948-07-01,201.4,-0.4999999999999997,-0.8660254037844388
1948-08-01,223.7,-0.8660254037844385,-0.5000000000000004
1948-09-01,202.9,-1.0,-1.8369701987210294e-16
1948-10-01,192.9,-0.8660254037844386,0.5000000000000001
1948-11-01,135.6,-0.5000000000000004,0.8660254037844384
1948-12-01,195.3,-2.4492935982947064e-16,1.0
1949-01-01,168.6,0.4999999999999999,0.8660254037844387
1949-02-01,258.0,0.8660254037844386,0.5000000000000001
1949-03-01,223.0,1.0,6.123233995736766e-17
1949-04-01,208.1,0.8660254037844387,-0.4999999999999998
1949-05-01,150.4,0.4999999999999999,-0.8660254037844387
1949-06-01,172.4,1.2246467991473532e-16,-1.0
1949-07-01,178.3,-0.4999999999999997,-0.8660254037844388
1949-08-01,175.3,-0.8660254037844385,-0.5000000000000004
1949-09-01,205.8,-1.0,-1.8369701987210294e-16
1949-10-01,186.3,-0.8660254037844386,0.5000000000000001
1949-11-01,203.2,-0.5000000000000004,0.8660254037844384
1949-12-01,166.6,-2.4492935982947064e-16,1.0
1950-01-01,143.9,0.4999999999999999,0.8660254037844387
1950-02-01,134.3,0.8660254037844386,0.5000000000000001
1950-03-01,155.4,1.0,6.123233995736766e-17
1950-04-01,160.6,0.8660254037844387,-0.4999999999999998
1950-05-01,150.5,0.4999999999999999,-0.8660254037844387
1950-06-01,118.3,1.2246467991473532e-16,-1.0
1950-07-01,128.9,-0.4999999999999997,-0.8660254037844388
1950-08-01,120.6,-0.8660254037844385,-0.5000000000000004
1950-09-01,72.7,-1.0,-1.8369701987210294e-16
1950-10-01,87.0,-0.8660254037844386,0.5000000000000001
1950-11-01,77.7,-0.5000000000000004,0.8660254037844384
1950-12-01,76.7,-2.4492935982947064e-16,1.0
1951-01-01,85.0,0.4999999999999999,0.8660254037844387
1951-02-01,84.8,0.8660254037844386,0.5000000000000001
1951-03-01,79.3,1.0,6.123233995736766e-17
1951-04-01,131.7,0.8660254037844387,-0.4999999999999998
1951-05-01,153.7,0.4999999999999999,-0.8660254037844387
1951-06-01,142.4,1.2246467991473532e-16,-1.0
1951-07-01,87.2,-0.4999999999999997,-0.8660254037844388
1951-08-01,86.5,-0.8660254037844385,-0.5000000000000004
1951-09-01,117.7,-1.0,-1.8369701987210294e-16
1951-10-01,73.3,-0.8660254037844386,0.5000000000000001
1951-11-01,74.2,-0.5000000000000004,0.8660254037844384
1951-12-01,65.0,-2.4492935982947064e-16,1.0
1952-01-01,57.9,0.4999999999999999,0.8660254037844387
1952-02-01,32.4,0.8660254037844386,0.5000000000000001
1952-03-01,31.5,1.0,6.123233995736766e-17
1952-04-01,41.7,0.8660254037844387,-0.4999999999999998
1952-05-01,33.6,0.4999999999999999,-0.8660254037844387
1952-06-01,52.0,1.2246467991473532e-16,-1.0
1952-07-01,56.1,-0.4999999999999997,-0.8660254037844388
1952-08-01,77.8,-0.8660254037844385,-0.5000000000000004
1952-09-01,40.4,-1.0,-1.8369701987210294e-16
1952-10-01,34.2,-0.8660254037844386,0.5000000000000001
1952-11-01,31.8,-0.5000000000000004,0.8660254037844384
1952-12-01,48.9,-2.4492935982947064e-16,1.0
1953-01-01,37.9,0.4999999999999999,0.8660254037844387
1953-02-01,5.9,0.8660254037844386,0.5000000000000001
1953-03-01,14.7,1.0,6.123233995736766e-17
1953-04-01,39.6,0.8660254037844387,-0.4999999999999998
1953-05-01,18.3,0.4999999999999999,-0.8660254037844387
1953-06-01,31.5,1.2246467991473532e-16,-1.0
1953-07-01,12.7,-0.4999999999999997,-0.8660254037844388
1953-08-01,33.6,-0.8660254037844385,-0.5000000000000004
1953-09-01,28.0,-1.0,-1.8369701987210294e-16
1953-10-01,12.3,-0.8660254037844386,0.5000000000000001
1953-11-01,2.5,-0.5000000000000004,0.8660254037844384
1953-12-01,3.9,-2.4492935982947064e-16,1.0
1954-01-01,0.4,0.4999999999999999,0.8660254037844387
1954-02-01,0.8,0.8660254037844386,0.5000000000000001
1954-03-01,15.8,1.0,6.123233995736766e-17
1954-04-01,2.7,0.8660254037844387,-0.4999999999999998
1954-05-01,1.2,0.4999999999999999,-0.8660254037844387
1954-06-01,0.4,1.2246467991473532e-16,-1.0
1954-07-01,7.3,-0.4999999999999997,-0.8660254037844388
1954-08-01,12.6,-0.8660254037844385,-0.5000000000000004
1954-09-01,2.3,-1.0,-1.8369701987210294e-16
1954-10-01,10.5,-0.8660254037844386,0.5000000000000001
1954-11-01,13.4,-0.5000000000000004,0.8660254037844384
1954-12-01,11.3,-2.4492935982947064e-16,1.0
1955-01-01,33.4,0.4999999999999999,0.8660254037844387
1955-02-01,29.9,0.8660254037844386,0.5000000000000001
1955-03-01,7.3,1.0,6.123233995736766e-17
1955-04-01,16.4,0.8660254037844387,-0.4999999999999998
1955-05-01,41.3,0.4999999999999999,-0.8660254037844387
1955-06-01,45.2,1.2246467991473532e-16,-1.0
1955-07-01,38.2,-0.4999999999999997,-0.8660254037844388
1955-08-01,58.0,-0.8660254037844385,-0.5000000000000004
1955-09-01,60.8,-1.0,-1.8369701987210294e-16
1955-10-01,83.0,-0.8660254037844386,0.5000000000000001
1955-11-01,126.3,-0.5000000000000004,0.8660254037844384
1955-12-01,108.8,-2.4492935982947064e-16,1.0
1956-01-01,104.1,0.4999999999999999,0.8660254037844387
1956-02-01,175.6,0.8660254037844386,0.5000000000000001
1956-03-01,167.7,1.0,6.123233995736766e-17
1956-04-01,156.7,0.8660254037844387,-0.4999999999999998
1956-05-01,193.4,0.4999999999999999,-0.8660254037844387
1956-06-01,165.1,1.2246467991473532e-16,-1.0
1956-07-01,182.7,-0.4999999999999997,-0.8660254037844388
1956-08-01,240.2,-0.8660254037844385,-0.5000000000000004
1956-09-01,245.4,-1.0,-1.8369701987210294e-16
1956-10-01,219.9,-0.8660254037844386,0.5000000000000001
1956-11-01,285.0,-0.5000000000000004,0.8660254037844384
1956-12-01,272.0,-2.4492935982947064e-16,1.0
1957-01-01,233.7,0.4999999999999999,0.8660254037844387
1957-02-01,184.5,0.8660254037844386,0.5000000000000001
1957-03-01,222.8,1.0,6.123233995736766e-17
1957-04-01,248.0,0.8660254037844387,-0.4999999999999998
1957-05-01,233.0,0.4999999999999999,-0.8660254037844387
1957-06-01,284.3,1.2246467991473532e-16,-1.0
1957-07-01,265.1,-0.4999999999999997,-0.8660254037844388
1957-08-01,223.7,-0.8660254037844385,-0.5000000000000004
1957-09-01,334.0,-1.0,-1.8369701987210294e-16
1957-10-01,359.4,-0.8660254037844386,0.5000000000000001
1957-11-01,298.6,-0.5000000000000004,0.8660254037844384
1957-12-01,339.0,-2.4492935982947064e-16,1.0
1958-01-01,286.7,0.4999999999999999,0.8660254037844387
1958-02-01,233.6,0.8660254037844386,0.5000000000000001
1958-03-01,270.0,1.0,6.123233995736766e-17
1958-04-01,277.6,0.8660254037844387,-0.4999999999999998
1958-05-01,248.2,0.4999999999999999,-0.8660254037844387
1958-06-01,242.9,1.2246467991473532e-16,-1.0
1958-07-01,271.0,-0.4999999999999997,-0.8660254037844388
1958-08-01,283.5,-0.8660254037844385,-0.5000000000000004
1958-09-01,285.1,-1.0,-1.8369701987210294e-16
1958-10-01,256.9,-0.8660254037844386,0.5000000000000001
1958-11-01,215.6,-0.5000000000000004,0.8660254037844384
1958-12-01,265.7,-2.4492935982947064e-16,1.0
1959-01-01,307.7,0.4999999999999999,0.8660254037844387
1959-02-01,202.6,0.8660254037844386,0.5000000000000001
1959-03-01,263.0,1.0,6.123233995736766e-17
1959-04-01,231.3,0.8660254037844387,-0.4999999999999998
1959-05-01,243.6,0.4999999999999999,-0.8660254037844387
1959-06-01,238.9,1.2246467991473532e-16,-1.0
1959-07-01,211.9,-0.4999999999999997,-0.8660254037844388
1959-08-01,282.6,-0.8660254037844385,-0.5000000000000004
1959-09-01,205.6,-1.0,-1.8369701987210294e-16
1959-10-01,157.7,-0.8660254037844386,0.5000000000000001
1959-11-01,175.6,-0.5000000000000004,0.8660254037844384
1959-12-01,177.1,-2.4492935982947064e-16,1.0
1960-01-01,207.2,0.4999999999999999,0.8660254037844387
1960-02-01,149.9,0.8660254037844386,0.5000000000000001
1960-03-01,144.6,1.0,6.123233995736766e-17
1960-04-01,172.7,0.8660254037844387,-0.4999999999999998
1960-05-01,169.3,0.4999999999999999,-0.8660254037844387
1960-06-01,156.0,1.2246467991473532e-16,-1.0
1960-07-01,172.4,-0.4999999999999997,-0.8660254037844388
1960-08-01,190.0,-0.8660254037844385,-0.5000000000000004
1960-09-01,180.1,-1.0,-1.8369701987210294e-16
1960-10-01,117.3,-0.8660254037844386,0.5000000000000001
1960-11-01,126.9,-0.5000000000000004,0.8660254037844384
1960-12-01,121.2,-2.4492935982947064e-16,1.0
1961-01-01,82.1,0.4999999999999999,0.8660254037844387
1961-02-01,65.4,0.8660254037844386,0.5000000000000001
1961-03-01,75.2,1.0,6.123233995736766e-17
1961-04-01,86.9,0.8660254037844387,-0.4999999999999998
1961-05-01,72.3,0.4999999999999999,-0.8660254037844387
1961-06-01,109.5,1.2246467991473532e-16,-1.0
1961-07-01,99.3,-0.4999999999999997,-0.8660254037844388
1961-08-01,79.2,-0.8660254037844385,-0.5000000000000004
1961-09-01,90.1,-1.0,-1.8369701987210294e-16
1961-10-01,53.7,-0.8660254037844386,0.5000000000000001
1961-11-01,46.5,-0.5000000000000004,0.8660254037844384
1961-12-01,56.9,-2.4492935982947064e-16,1.0
1962-01-01,55.1,0.4999999999999999,0.8660254037844387
1962-02-01,71.7,0.8660254037844386,0.5000000000000001
1962-03-01,64.9,1.0,6.123233995736766e-17
1962-04-01,65.9,0.8660254037844387,-0.4999999999999998
1962-05-01,61.9,0.4999999999999999,-0.8660254037844387
1962-06-01,59.6,1.2246467991473532e-16,-1.0
1962-07-01,31.4,-0.4999999999999997,-0.8660254037844388
1962-08-01,31.5,-0.8660254037844385,-0.5000000000000004
1962-09-01,72.7,-1.0,-1.8369701987210294e-16
1962-10-01,56.1,-0.8660254037844386,0.5000000000000001
1962-11-01,38.8,-0.5000000000000004,0.8660254037844384
1962-12-01,33.2,-2.4492935982947064e-16,1.0
1963-01-01,28.7,0.4999999999999999,0.8660254037844387
1963-02-01,35.2,0.8660254037844386,0.5000000000000001
1963-03-01,24.8,1.0,6.123233995736766e-17
1963-04-01,41.7,0.8660254037844387,-0.4999999999999998
1963-05-01,61.1,0.4999999999999999,-0.8660254037844387
1963-06-01,51.2,1.2246467991473532e-16,-1.0
1963-07-01,28.7,-0.4999999999999997,-0.8660254037844388
1963-08-01,47.5,-0.8660254037844385,-0.5000000000000004
1963-09-01,55.2,-1.0,-1.8369701987210294e-16
1963-10-01,50.1,-0.8660254037844386,0.5000000000000001
1963-11-01,33.7,-0.5000000000000004,0.8660254037844384
1963-12-01,21.6,-2.4492935982947064e-16,1.0
1964-01-01,22.6,0.4999999999999999,0.8660254037844387
1964-02-01,25.3,0.8660254037844386,0.5000000000000001
1964-03-01,24.1,1.0,6.123233995736766e-17
1964-04-01,12.9,0.8660254037844387,-0.4999999999999998
1964-05-01,14.3,0.4999999999999999,-0.8660254037844387
1964-06-01,13.5,1.2246467991473532e-16,-1.0
1964-07-01,4.8,-0.4999999999999997,-0.8660254037844388
1964-08-01,13.8,-0.8660254037844385,-0.5000000000000004
1964-09-01,7.0,-1.0,-1.8369701987210294e-16
1964-10-01,9.2,-0.8660254037844386,0.5000000000000001
1964-11-01,11.1,-0.5000000000000004,0.8660254037844384
1964-12-01,22.1,-2.4492935982947064e-16,1.0
1965-01-01,25.4,0.4999999999999999,0.8660254037844387
1965-02-01,20.8,0.8660254037844386,0.5000000000000001
1965-03-01,17.5,1.0,6.123233995736766e-17
1965-04-01,10.2,0.8660254037844387,-0.4999999999999998
1965-05-01,34.5,0.4999999999999999,-0.8660254037844387
1965-06-01,23.3,1.2246467991473532e-16,-1.0
1965-07-01,17.3,-0.4999999999999997,-0.8660254037844388
1965-08-01,13.3,-0.8660254037844385,-0.5000000000000004
1965-09-01,24.5,-1.0,-1.8369701987210294e-16
1965-10-01,29.1,-0.8660254037844386,0.5000000000000001
1965-11-01,22.8,-0.5000000000000004,0.8660254037844384
1965-12-01,24.7,-2.4492935982947064e-16,1.0
1966-01-01,40.3,0.4999999999999999,0.8660254037844387
1966-02-01,35.3,0.8660254037844386,0.5000000000000001
1966-03-01,36.4,1.0,6.123233995736766e-17
1966-04-01,69.0,0.8660254037844387,-0.4999999999999998
1966-05-01,64.2,0.4999999999999999,-0.8660254037844387
1966-06-01,67.7,1.2246467991473532e-16,-1.0
1966-07-01,80.2,-0.4999999999999997,-0.8660254037844388
1966-08-01,72.6,-0.8660254037844385,-0.5000000000000004
1966-09-01,71.1,-1.0,-1.8369701987210294e-16
1966-10-01,81.2,-0.8660254037844386,0.5000000000000001
1966-11-01,81.0,-0.5000000000000004,0.8660254037844384
1966-12-01,99.8,-2.4492935982947064e-16,1.0
1967-01-01,157.0,0.4999999999999999,0.8660254037844387
1967-02-01,132.6,0.8660254037844386,0.5000000000000001
1967-03-01,158.3,1.0,6.123233995736766e-17
1967-04-01,98.4,0.8660254037844387,-0.4999999999999998
1967-05-01,122.5,0.4999999999999999,-0.8660254037844387
1967-06-01,95.4,1.2246467991473532e-16,-1.0
1967-07-01,129.5,-0.4999999999999997,-0.8660254037844388
1967-08-01,151.8,-0.8660254037844385,-0.5000000000000004
1967-09-01,108.7,-1.0,-1.8369701987210294e-16
1967-10-01,125.0,-0.8660254037844386,0.5000000000000001
1967-11-01,133.6,-0.5000000000000004,0.8660254037844384
1967-12-01,179.0,-2.4492935982947064e-16,1.0
1968-01-01,172.5,0.4999999999999999,0.8660254037844387
1968-02-01,158.5,0.8660254037844386,0.5000000000000001
1968-03-01,130.5,1.0,6.123233995736766e-17
1968-04-01,115.0,0.8660254037844387,-0.4999999999999998
1968-05-01,180.0,0.4999999999999999,-0.8660254037844387
1968-06-01,156.2,1.2246467991473532e-16,-1.0
1968-07-01,136.2,-0.4999999999999997,-0.8660254037844388
1968-08-01,154.8,-0.8660254037844385,-0.5000000000000004
1968-09-01,166.0,-1.0,-1.8369701987210294e-16
1968-10-01,152.5,-0.8660254037844386,0.5000000000000001
1968-11-01,121.7,-0.5000000000000004,0.8660254037844384
1968-12-01,155.5,-2.4492935982947064e-16,1.0
1969-01-01,147.8,0.4999999999999999,0.8660254037844387
1969-02-01,170.5,0.8660254037844386,0.5000000000000001
1969-03-01,192.3,1.0,6.123233995736766e-17
1969-04-01,151.1,0.8660254037844387,-0.4999999999999998
1969-05-01,169.9,0.4999999999999999,-0.8660254037844387
1969-06-01,150.1,1.2246467991473532e-16,-1.0
1969-07-01,137.1,-0.4999999999999997,-0.8660254037844388
1969-08-01,138.8,-0.8660254037844385,-0.5000000000000004
1969-09-01,129.3,-1.0,-1.8369701987210294e-16
1969-10-01,135.4,-0.8660254037844386,0.5000000000000001
1969-11-01,132.4,-0.5000000000000004,0.8660254037844384
1969-12-01,138.6,-2.4492935982947064e-16,1.0
1970-01-01,157.9,0.4999999999999999,0.8660254037844387
1970-02-01,180.8,0.8660254037844386,0.5000000000000001
1970-03-01,145.7,1.0,6.123233995736766e-17
1970-04-01,155.1,0.8660254037844387,-0.4999999999999998
1970-05-01,180.5,0.4999999999999999,-0.8660254037844387
1970-06-01,151.3,1.2246467991473532e-16,-1.0
1970-07-01,159.3,-0.4999999999999997,-0.8660254037844388
1970-08-01,131.7,-0.8660254037844385,-0.5000000000000004
1970-09-01,140.8,-1.0,-1.8369701987210294e-16
1970-10-01,122.6,-0.8660254037844386,0.5000000000000001
1970-11-01,134.8,-0.5000000000000004,0.8660254037844384
1970-12-01,118.2,-2.4492935982947064e-16,1.0
1971-01-01,129.2,0.4999999999999999,0.8660254037844387
1971-02-01,111.8,0.8660254037844386,0.5000000000000001
1971-03-01,85.9,1.0,6.123233995736766e-17
1971-04-01,101.6,0.8660254037844387,-0.4999999999999998
1971-05-01,81.5,0.4999999999999999,-0.8660254037844387
1971-06-01,70.7,1.2246467991473532e-16,-1.0
1971-07-01,114.7,-0.4999999999999997,-0.8660254037844388
1971-08-01,87.0,-0.8660254037844385,-0.5000000000000004
1971-09-01,71.3,-1.0,-1.8369701987210294e-16
1971-10-01,73.4,-0.8660254037844386,0.5000000000000001
1971-11-01,89.5,-0.5000000000000004,0.8660254037844384
1971-12-01,116.5,-2.4492935982947064e-16,1.0
1972-01-01,87.0,0.4999999999999999,0.8660254037844387
1972-02-01,125.3,0.8660254037844386,0.5000000000000001
1972-03-01,113.5,1.0,6.123233995736766e-17
1972-04-01,89.6,0.8660254037844387,-0.4999999999999998
1972-05-01,113.9,0.4999999999999999,-0.8660254037844387
1972-06-01,124.7,1.2246467991473532e-16,-1.0
1972-07-01,108.3,-0.4999999999999997,-0.8660254037844388
1972-08-01,108.9,-0.8660254037844385,-0.5000000000000004
1972-09-01,90.7,-1.0,-1.8369701987210294e-16
1972-10-01,86.9,-0.8660254037844386,0.5000000000000001
1972-11-01,59.2,-0.5000000000000004,0.8660254037844384
1972-12-01,64.3,-2.4492935982947064e-16,1.0
1973-01-01,61.8,0.4999999999999999,0.8660254037844387
1973-02-01,60.9,0.8660254037844386,0.5000000000000001
1973-03-01,65.4,1.0,6.123233995736766e-17
1973-04-01,81.8,0.8660254037844387,-0.4999999999999998
1973-05-01,60.3,0.4999999999999999,-0.8660254037844387
1973-06-01,56.1,1.2246467991473532e-16,-1.0
1973-07-01,33.2,-0.4999999999999997,-0.8660254037844388
1973-08-01,36.6,-0.8660254037844385,-0.5000000000000004
1973-09-01,84.1,-1.0,-1.8369701987210294e-16
1973-10-01,43.7,-0.8660254037844386,0.5000000000000001
1973-11-01,34.3,-0.5000000000000004,0.8660254037844384
1973-12-01,33.3,-2.4492935982947064e-16,1.0
1974-01-01,39.4,0.4999999999999999,0.8660254037844387
1974-02-01,37.3,0.8660254037844386,0.5000000000000001
1974-03-01,30.9,1.0,6.123233995736766e-17
1974-04-01,57.5,0.8660254037844387,-0.4999999999999998
1974-05-01,56.3,0.4999999999999999,-0.8660254037844387
1974-06-01,51.5,1.2246467991473532e-16,-1.0
1974-07-01,79.1,-0.4999999999999997,-0.8660254037844388
1974-08-01,47.9,-0.8660254037844385,-0.5000000000000004
1974-09-01,57.2,-1.0,-1.8369701987210294e-16
1974-10-01,67.2,-0.8660254037844386,0.5000000000000001
1974-11-01,35.9,-0.5000000000000004,0.8660254037844384
1974-12-01,29.6,-2.4492935982947064e-16,1.0
1975-01-01,27.3,0.4999999999999999,0.8660254037844387
1975-02-01,16.7,0.8660254037844386,0.5000000000000001
1975-03-01,16.9,1.0,6.123233995736766e-17
1975-04-01,7.7,0.8660254037844387,-0.4999999999999998
1975-05-01,13.1,0.4999999999999999,-0.8660254037844387
1975-06-01,16.7,1.2246467991473532e-16,-1.0
1975-07-01,40.4,-0.4999999999999997,-0.8660254037844388
1975-08-01,56.7,-0.8660254037844385,-0.5000000000000004
1975-09-01,20.3,-1.0,-1.8369701987210294e-16
1975-10-01,13.6,-0.8660254037844386,0.5000000000000001
1975-11-01,27.9,-0.5000000000000004,0.8660254037844384
1975-12-01,11.6,-2.4492935982947064e-16,1.0
1976-01-01,11.9,0.4999999999999999,0.8660254037844387
1976-02-01,6.4,0.8660254037844386,0.5000000000000001
1976-03-01,31.5,1.0,6.123233995736766e-17
1976-04-01,27.3,0.8660254037844387,-0.4999999999999998
1976-05-01,18.2,0.4999999999999999,-0.8660254037844387
1976-06-01,17.9,1.2246467991473532e-16,-1.0
1976-07-01,2.9,-0.4999999999999997,-0.8660254037844388
1976-08-01,24.1,-0.8660254037844385,-0.5000000000000004
1976-09-01,20.0,-1.0,-1.8369701987210294e-16
1976-10-01,29.7,-0.8660254037844386,0.5000000000000001
1976-11-01,7.9,-0.5000000000000004,0.8660254037844384
1976-12-01,22.3,-2.4492935982947064e-16,1.0
1977-01-01,23.8,0.4999999999999999,0.8660254037844387
1977-02-01,33.3,0.8660254037844386,0.5000000000000001
1977-03-01,13.0,1.0,6.123233995736766e-17
1977-04-01,19.0,0.8660254037844387,-0.4999999999999998
1977-05-01,27.0,0.4999999999999999,-0.8660254037844387
1977-06-01,54.9,1.2246467991473532e-16,-1.0
1977-07-01,30.6,-0.4999999999999997,-0.8660254037844388
1977-08-01,43.0,-0.8660254037844385,-0.5000000000000004
1977-09-01,62.4,-1.0,-1.8369701987210294e-16
1977-10-01,62.1,-0.8660254037844386,0.5000000000000001
1977-11-01,41.6,-0.5000000000000004,0.8660254037844384
1977-12-01,61.4,-2.4492935982947064e-16,1.0
1978-01-01,73.7,0.4999999999999999,0.8660254037844387
1978-02-01,132.6,0.8660254037844386,0.5000000000000001
1978-03-01,108.4,1.0,6.123233995736766e-17
1978-04-01,141.2,0.8660254037844387,-0.4999999999999998
1978-05-01,117.1,0.4999999999999999,-0.8660254037844387
1978-06-01,134.6,1.2246467991473532e-16,-1.0
1978-07-01,99.7,-0.4999999999999997,-0.8660254037844388
1978-08-01,82.4,-0.8660254037844385,-0.5000000000000004
1978-09-01,195.7,-1.0,-1.8369701987210294e-16
1978-10-01,177.1,-0.8660254037844386,0.5000000000000001
1978-11-01,138.5,-0.5000000000000004,0.8660254037844384
1978-12-01,173.9,-2.4492935982947064e-16,1.0
1979-01-01,235.9,0.4999999999999999,0.8660254037844387
1979-02-01,194.7,0.8660254037844386,0.5000000000000001
1979-03-01,195.3,1.0,6.123233995736766e-17
1979-04-01,143.7,0.8660254037844387,-0.4999999999999998
1979-05-01,190.3,0.4999999999999999,-0.8660254037844387
1979-06-01,211.7,1.2246467991473532e-16,-1.0
1979-07-01,225.7,-0.4999999999999997,-0.8660254037844388
1979-08-01,201.4,-0.8660254037844385,-0.5000000000000004
1979-09-01,266.9,-1.0,-1.8369701987210294e-16
1979-10-01,263.6,-0.8660254037844386,0.5000000000000001
1979-11-01,259.5,-0.5000000000000004,0.8660254037844384
1979-12-01,249.6,-2.4492935982947064e-16,1.0
1980-01-01,226.1,0.4999999999999999,0.8660254037844387
1980-02-01,219.4,0.8660254037844386,0.5000000000000001
1980-03-01,178.7,1.0,6.123233995736766e-17
1980-04-01,232.2,0.8660254037844387,-0.4999999999999998
1980-05-01,254.7,0.4999999999999999,-0.8660254037844387
1980-06-01,222.7,1.2246467991473532e-16,-1.0
1980-07-01,192.9,-0.4999999999999997,-0.8660254037844388
1980-08-01,191.7,-0.8660254037844385,-0.5000000000000004
1980-09-01,219.6,-1.0,-1.8369701987210294e-16
1980-10-01,233.3,-0.8660254037844386,0.5000000000000001
1980-11-01,209.5,-0.5000000000000004,0.8660254037844384
1980-12-01,246.9,-2.4492935982947064e-16,1.0
1981-01-01,156.6,0.4999999999999999,0.8660254037844387
1981-02-01,189.9,0.8660254037844386,0.5000000000000001
1981-03-01,196.6,1.0,6.123233995736766e-17
1981-04-01,225.3,0.8660254037844387,-0.4999999999999998
1981-05-01,194.7,0.4999999999999999,-0.8660254037844387
1981-06-01,131.6,1.2246467991473532e-16,-1.0
1981-07-01,205.3,-0.4999999999999997,-0.8660254037844388
1981-08-01,242.5,-0.8660254037844385,-0.5000000000000004
1981-09-01,245.3,-1.0,-1.8369701987210294e-16
1981-10-01,216.2,-0.8660254037844386,0.5000000000000001
1981-11-01,186.0,-0.5000000000000004,0.8660254037844384
1981-12-01,195.4,-2.4492935982947064e-16,1.0
1982-01-01,149.8,0.4999999999999999,0.8660254037844387
1982-02-01,230.9,0.8660254037844386,0.5000000000000001
1982-03-01,221.1,1.0,6.123233995736766e-17
1982-04-01,170.3,0.8660254037844387,-0.4999999999999998
1982-05-01,119.3,0.4999999999999999,-0.8660254037844387
1982-06-01,163.7,1.2246467991473532e-16,-1.0
1982-07-01,139.4,-0.4999999999999997,-0.8660254037844388
1982-08-01,161.9,-0.8660254037844385,-0.5000000000000004
1982-09-01,167.4,-1.0,-1.8369701987210294e-16
1982-10-01,134.3,-0.8660254037844386,0.5000000000000001
1982-11-01,127.5,-0.5000000000000004,0.8660254037844384
1982-12-01,169.0,-2.4492935982947064e-16,1.0
1983-01-01,115.5,0.4999999999999999,0.8660254037844387
1983-02-01,73.1,0.8660254037844386,0.5000000000000001
1983-03-01,88.7,1.0,6.123233995736766e-17
1983-04-01,109.6,0.8660254037844387,-0.4999999999999998
1983-05-01,132.5,0.4999999999999999,-0.8660254037844387
1983-06-01,131.5,1.2246467991473532e-16,-1.0
1983-07-01,108.9,-0.4999999999999997,-0.8660254037844388
1983-08-01,96.0,-0.8660254037844385,-0.5000000000000004
1983-09-01,69.9,-1.0,-1.8369701987210294e-16
1983-10-01,72.5,-0.8660254037844386,0.5000000000000001
1983-11-01,45.7,-0.5000000000000004,0.8660254037844384
1983-12-01,45.6,-2.4492935982947064e-16,1.0
1984-01-01,74.8,0.4999999999999999,0.8660254037844387
1984-02-01,110.2,0.8660254037844386,0.5000000000000001
1984-03-01,116.7,1.0,6.123233995736766e-17
1984-04-01,90.4,0.8660254037844387,-0.4999999999999998
1984-05-01,96.9,0.4999999999999999,-0.8660254037844387
1984-06-01,65.1,1.2246467991473532e-16,-1.0
1984-07-01,55.7,-0.4999999999999997,-0.8660254037844388
1984-08-01,35.0,-0.8660254037844385,-0.5000000000000004
1984-09-01,22.6,-1.0,-1.8369701987210294e-16
1984-10-01,12.6,-0.8660254037844386,0.5000000000000001
1984-11-01,26.5,-0.5000000000000004,0.8660254037844384
1984-12-01,21.4,-2.4492935982947064e-16,1.0
1985-01-01,17.8,0.4999999999999999,0.8660254037844387
1985-02-01,20.7,0.8660254037844386,0.5000000000000001
1985-03-01,16.9,1.0,6.123233995736766e-17
1985-04-01,20.4,0.8660254037844387,-0.4999999999999998
1985-05-01,32.4,0.4999999999999999,-0.8660254037844387
1985-06-01,28.3,1.2246467991473532e-16,-1.0
1985-07-01,39.9,-0.4999999999999997,-0.8660254037844388
1985-08-01,10.1,-0.8660254037844385,-0.5000000000000004
1985-09-01,4.3,-1.0,-1.8369701987210294e-16
1985-10-01,22.0,-0.8660254037844386,0.5000000000000001
1985-11-01,17.9,-0.5000000000000004,0.8660254037844384
1985-12-01,15.8,-2.4492935982947064e-16,1.0
1986-01-01,2.8,0.4999999999999999,0.8660254037844387
1986-02-01,27.9,0.8660254037844386,0.5000000000000001
1986-03-01,13.8,1.0,6.123233995736766e-17
1986-04-01,22.4,0.8660254037844387,-0.4999999999999998
1986-05-01,16.1,0.4999999999999999,-0.8660254037844387
1986-06-01,0.6,1.2246467991473532e-16,-1.0
1986-07-01,18.1,-0.4999999999999997,-0.8660254037844388
1986-08-01,9.9,-0.8660254037844385,-0.5000000000000004
1986-09-01,5.1,-1.0,-1.8369701987210294e-16
1986-10-01,40.1,-0.8660254037844386,0.5000000000000001
1986-11-01,15.4,-0.5000000000000004,0.8660254037844384
1986-12-01,5.8,-2.4492935982947064e-16,1.0
1987-01-01,9.8,0.4999999999999999,0.8660254037844387
1987-02-01,3.4,0.8660254037844386,0.5000000000000001
1987-03-01,17.4,1.0,6.123233995736766e-17
1987-04-01,46.0,0.8660254037844387,-0.4999999999999998
1987-05-01,39.1,0.4999999999999999,-0.8660254037844387
1987-06-01,18.8,1.2246467991473532e-16,-1.0
1987-07-01,38.2,-0.4999999999999997,-0.8660254037844388
1987-08-01,47.9,-0.8660254037844385,-0.5000000000000004
1987-09-01,42.2,-1.0,-1.8369701987210294e-16
1987-10-01,63.4,-0.8660254037844386,0.5000000000000001
1987-11-01,48.8,-0.5000000000000004,0.8660254037844384
1987-12-01,29.1,-2.4492935982947064e-16,1.0
1988-01-01,70.5,0.4999999999999999,0.8660254037844387
1988-02-01,45.4,0.8660254037844386,0.5000000000000001
1988-03-01,91.2,1.0,6.123233995736766e-17
1988-04-01,108.8,0.8660254037844387,-0.4999999999999998
1988-05-01,74.2,0.4999999999999999,-0.8660254037844387
1988-06-01,124.3,1.2246467991473532e-16,-1.0
1988-07-01,131.4,-0.4999999999999997,-0.8660254037844388
1988-08-01,139.4,-0.8660254037844385,-0.5000000000000004
1988-09-01,142.7,-1.0,-1.8369701987210294e-16
1988-10-01,156.5,-0.8660254037844386,0.5000000000000001
1988-11-01,156.8,-0.5000000000000004,0.8660254037844384
1988-12-01,231.2,-2.4492935982947064e-16,1.0
1989-01-01,210.1,0.4999999999999999,0.8660254037844387
1989-02-01,208.7,0.8660254037844386,0.5000000000000001
1989-03-01,170.4,1.0,6.123233995736766e-17
1989-04-01,166.3,0.8660254037844387,-0.4999999999999998
1989-05-01,195.4,0.4999999999999999,-0.8660254037844387
1989-06-01,284.5,1.2246467991473532e-16,-1.0
1989-07-01,180.5,-0.4999999999999997,-0.8660254037844388
1989-08-01,232.0,-0.8660254037844385,-0.5000000000000004
1989-09-01,225.1,-1.0,-1.8369701987210294e-16
1989-10-01,212.2,-0.8660254037844386,0.5000000000000001
1989-11-01,238.2,-0.5000000000000004,0.8660254037844384
1989-12-01,211.4,-2.4492935982947064e-16,1.0
1990-01-01,227.4,0.4999999999999999,0.8660254037844387
1990-02-01,171.8,0.8660254037844386,0.5000000000000001
1990-03-01,191.7,1.0,6.123233995736766e-17
1990-04-01,189.7,0.8660254037844387,-0.4999999999999998
1990-05-01,175.2,0.4999999999999999,-0.8660254037844387
1990-06-01,153.3,1.2246467991473532e-16,-1.0
1990-07-01,191.1,-0.4999999999999997,-0.8660254037844388
1990-08-01,252.1,-0.8660254037844385,-0.5000000000000004
1990-09-01,169.1,-1.0,-1.8369701987210294e-16
1990-10-01,199.4,-0.8660254037844386,0.5000000000000001
1990-11-01,178.8,-0.5000000000000004,0.8660254037844384
1990-12-01,197.1,-2.4492935982947064e-16,1.0
1991-01-01,195.3,0.4999999999999999,0.8660254037844387
1991-02-01,240.3,0.8660254037844386,0.5000000000000001
1991-03-01,197.0,1.0,6.123233995736766e-17
1991-04-01,197.6,0.8660254037844387,-0.4999999999999998
1991-05-01,166.9,0.4999999999999999,-0.8660254037844387
1991-06-01,224.7,1.2246467991473532e-16,-1.0
1991-07-01,240.2,-0.4999999999999997,-0.8660254037844388
1991-08-01,240.8,-0.8660254037844385,-0.5000000000000004
1991-09-01,168.9,-1.0,-1.8369701987210294e-16
1991-10-01,197.1,-0.8660254037844386,0.5000000000000001
1991-11-01,159.5,-0.5000000000000004,0.8660254037844384
1991-12-01,212.6,-2.4492935982947064e-16,1.0
1992-01-01,198.3,0.4999999999999999,0.8660254037844387
1992-02-01,230.7,0.8660254037844386,0.5000000000000001
1992-03-01,151.0,1.0,6.123233995736766e-17
1992-04-01,142.2,0.8660254037844387,-0.4999999999999998
1992-05-01,94.3,0.4999999999999999,-0.8660254037844387
1992-06-01,98.5,1.2246467991473532e-16,-1.0
1992-07-01,114.2,-0.4999999999999997,-0.8660254037844388
1992-08-01,91.9,-0.8660254037844385,-0.5000000000000004
1992-09-01,94.0,-1.0,-1.8369701987210294e-16
1992-10-01,133.4,-0.8660254037844386,0.5000000000000001
1992-11-01,129.6,-0.5000000000000004,0.8660254037844384
1992-12-01,122.0,-2.4492935982947064e-16,1.0
1993-01-01,81.4,0.4999999999999999,0.8660254037844387
1993-02-01,127.8,0.8660254037844386,0.5000000000000001
1993-03-01,102.4,1.0,6.123233995736766e-17
1993-04-01,94.4,0.8660254037844387,-0.4999999999999998
1993-05-01,78.8,0.4999999999999999,-0.8660254037844387
1993-06-01,69.6,1.2246467991473532e-16,-1.0
1993-07-01,80.4,-0.4999999999999997,-0.8660254037844388
1993-08-01,62.5,-0.8660254037844385,-0.5000000000000004
1993-09-01,31.2,-1.0,-1.8369701987210294e-16
1993-10-01,71.1,-0.8660254037844386,0.5000000000000001
1993-11-01,48.2,-0.5000000000000004,0.8660254037844384
1993-12-01,68.4,-2.4492935982947064e-16,1.0
1994-01-01,84.9,0.4999999999999999,0.8660254037844387
1994-02-01,54.9,0.8660254037844386,0.5000000000000001
1994-03-01,47.5,1.0,6.123233995736766e-17
1994-04-01,27.4,0.8660254037844387,-0.4999999999999998
1994-05-01,29.8,0.4999999999999999,-0.8660254037844387
1994-06-01,39.7,1.2246467991473532e-16,-1.0
1994-07-01,50.6,-0.4999999999999997,-0.8660254037844388
1994-08-01,34.3,-0.8660254037844385,-0.5000000000000004
1994-09-01,40.5,-1.0,-1.8369701987210294e-16
1994-10-01,67.1,-0.8660254037844386,0.5000000000000001
1994-11-01,29.5,-0.5000000000000004,0.8660254037844384
1994-12-01,32.2,-2.4492935982947064e-16,1.0
1995-01-01,32.6,0.4999999999999999,0.8660254037844387
1995-02-01,45.8,0.8660254037844386,0.5000000000000001
1995-03-01,46.3,1.0,6.123233995736766e-17
1995-04-01,21.6,0.8660254037844387,-0.4999999999999998
1995-05-01,19.4,0.4999999999999999,-0.8660254037844387
1995-06-01,22.5,1.2246467991473532e-16,-1.0
1995-07-01,20.4,-0.4999999999999997,-0.8660254037844388
1995-08-01,18.2,-0.8660254037844385,-0.5000000000000004
1995-09-01,15.7,-1.0,-1.8369701987210294e-16
1995-10-01,30.6,-0.8660254037844386,0.5000000000000001
1995-11-01,14.0,-0.5000000000000004,0.8660254037844384
1995-12-01,14.9,-2.4492935982947064e-16,1.0
1996-01-01,13.3,0.4999999999999999,0.8660254037844387
1996-02-01,7.7,0.8660254037844386,0.5000000000000001
1996-03-01,12.6,1.0,6.123233995736766e-17
1996-04-01,6.8,0.8660254037844387,-0.4999999999999998
1996-05-01,7.6,0.4999999999999999,-0.8660254037844387
1996-06-01,16.5,1.2246467991473532e-16,-1.0
1996-07-01,11.8,-0.4999999999999997,-0.8660254037844388
1996-08-01,19.7,-0.8660254037844385,-0.5000000000000004
1996-09-01,3.0,-1.0,-1.8369701987210294e-16
1996-10-01,0.7,-0.8660254037844386,0.5000000000000001
1996-11-01,24.9,-0.5000000000000004,0.8660254037844384
1996-12-01,14.0,-2.4492935982947064e-16,1.0
1997-01-01,7.4,0.4999999999999999,0.8660254037844387
1997-02-01,11.0,0.8660254037844386,0.5000000000000001
1997-03-01,12.1,1.0,6.123233995736766e-17
1997-04-01,23.0,0.8660254037844387,-0.4999999999999998
1997-05-01,25.4,0.4999999999999999,-0.8660254037844387
1997-06-01,20.8,1.2246467991473532e-16,-1.0
1997-07-01,12.9,-0.4999999999999997,-0.8660254037844388
1997-08-01,35.7,-0.8660254037844385,-0.5000000000000004
1997-09-01,59.7,-1.0,-1.8369701987210294e-16
1997-10-01,32.8,-0.8660254037844386,0.5000000000000001
1997-11-01,50.4,-0.5000000000000004,0.8660254037844384
1997-12-01,55.5,-2.4492935982947064e-16,1.0
1998-01-01,44.5,0.4999999999999999,0.8660254037844387
1998-02-01,50.2,0.8660254037844386,0.5000000000000001
1998-03-01,82.0,1.0,6.123233995736766e-17
1998-04-01,70.6,0.8660254037844387,-0.4999999999999998
1998-05-01,74.0,0.4999999999999999,-0.8660254037844387
1998-06-01,90.5,1.2246467991473532e-16,-1.0
1998-07-01,96.7,-0.4999999999999997,-0.8660254037844388
1998-08-01,121.1,-0.8660254037844385,-0.5000000000000004
1998-09-01,132.0,-1.0,-1.8369701987210294e-16
1998-10-01,78.5,-0.8660254037844386,0.5000000000000001
1998-11-01,97.3,-0.5000000000000004,0.8660254037844384
1998-12-01,119.2,-2.4492935982947064e-16,1.0
1999-01-01,86.0,0.4999999999999999,0.8660254037844387
1999-02-01,98.0,0.8660254037844386,0.5000000000000001
1999-03-01,103.5,1.0,6.123233995736766e-17
1999-04-01,93.6,0.8660254037844387,-0.4999999999999998
1999-05-01,149.6,0.4999999999999999,-0.8660254037844387
1999-06-01,207.2,1.2246467991473532e-16,-1.0
1999-07-01,173.5,-0.4999999999999997,-0.8660254037844388
1999-08-01,142.3,-0.8660254037844385,-0.5000000000000004
1999-09-01,106.3,-1.0,-1.8369701987210294e-16
1999-10-01,168.7,-0.8660254037844386,0.5000000000000001
1999-11-01,188.3,-0.5000000000000004,0.8660254037844384
1999-12-01,116.8,-2.4492935982947064e-16,1.0
2000-01-01,133.1,0.4999999999999999,0.8660254037844387
2000-02-01,165.7,0.8660254037844386,0.5000000000000001
2000-03-01,217.7,1.0,6.123233995736766e-17
2000-04-01,191.5,0.8660254037844387,-0.4999999999999998
2000-05-01,165.9,0.4999999999999999,-0.8660254037844387
2000-06-01,188.0,1.2246467991473532e-16,-1.0
2000-07-01,244.3,-0.4999999999999997,-0.8660254037844388
2000-08-01,180.5,-0.8660254037844385,-0.5000000000000004
2000-09-01,156.0,-1.0,-1.8369701987210294e-16
2000-10-01,141.6,-0.8660254037844386,0.5000000000000001
2000-11-01,158.1,-0.5000000000000004,0.8660254037844384
2000-12-01,143.3,-2.4492935982947064e-16,1.0
2001-01-01,142.6,0.4999999999999999,0.8660254037844387
2001-02-01,121.5,0.8660254037844386,0.5000000000000001
2001-03-01,165.8,1.0,6.123233995736766e-17
2001-04-01,161.7,0.8660254037844387,-0.4999999999999998
2001-05-01,142.1,0.4999999999999999,-0.8660254037844387
2001-06-01,202.9,1.2246467991473532e-16,-1.0
2001-07-01,123.0,-0.4999999999999997,-0.8660254037844388
2001-08-01,161.5,-0.8660254037844385,-0.5000000000000004
2001-09-01,238.2,-1.0,-1.8369701987210294e-16
2001-10-01,194.1,-0.8660254037844386,0.5000000000000001
2001-11-01,176.6,-0.5000000000000004,0.8660254037844384
2001-12-01,213.4,-2.4492935982947064e-16,1.0
2002-01-01,184.6,0.4999999999999999,0.8660254037844387
2002-02-01,170.2,0.8660254037844386,0.5000000000000001
2002-03-01,147.1,1.0,6.123233995736766e-17
2002-04-01,186.9,0.8660254037844387,-0.4999999999999998
2002-05-01,187.5,0.4999999999999999,-0.8660254037844387
2002-06-01,128.8,1.2246467991473532e-16,-1.0
2002-07-01,161.0,-0.4999999999999997,-0.8660254037844388
2002-08-01,175.6,-0.8660254037844385,-0.5000000000000004
2002-09-01,187.9,-1.0,-1.8369701987210294e-16
2002-10-01,151.2,-0.8660254037844386,0.5000000000000001
2002-11-01,147.2,-0.5000000000000004,0.8660254037844384
2002-12-01,135.3,-2.4492935982947064e-16,1.0
2003-01-01,133.5,0.4999999999999999,0.8660254037844387
2003-02-01,75.7,0.8660254037844386,0.5000000000000001
2003-03-01,100.7,1.0,6.123233995736766e-17
2003-04-01,97.9,0.8660254037844387,-0.4999999999999998
2003-05-01,86.8,0.4999999999999999,-0.8660254037844387
2003-06-01,118.7,1.2246467991473532e-16,-1.0
2003-07-01,128.3,-0.4999999999999997,-0.8660254037844388
2003-08-01,115.4,-0.8660254037844385,-0.5000000000000004
2003-09-01,78.5,-1.0,-1.8369701987210294e-16
2003-10-01,97.8,-0.8660254037844386,0.5000000000000001
2003-11-01,82.9,-0.5000000000000004,0.8660254037844384
2003-12-01,72.2,-2.4492935982947064e-16,1.0
2004-01-01,60.6,0.4999999999999999,0.8660254037844387
2004-02-01,74.6,0.8660254037844386,0.5000000000000001
2004-03-01,74.8,1.0,6.123233995736766e-17
2004-04-01,59.2,0.8660254037844387,-0.4999999999999998
2004-05-01,72.8,0.4999999999999999,-0.8660254037844387
2004-06-01,66.5,1.2246467991473532e-16,-1.0
2004-07-01,83.8,-0.4999999999999997,-0.8660254037844388
2004-08-01,69.7,-0.8660254037844385,-0.5000000000000004
2004-09-01,48.8,-1.0,-1.8369701987210294e-16
2004-10-01,74.2,-0.8660254037844386,0.5000000000000001
2004-11-01,70.1,-0.5000000000000004,0.8660254037844384
2004-12-01,28.9,-2.4492935982947064e-16,1.0
2005-01-01,48.1,0.4999999999999999,0.8660254037844387
2005-02-01,43.5,0.8660254037844386,0.5000000000000001
2005-03-01,39.6,1.0,6.123233995736766e-17
2005-04-01,38.7,0.8660254037844387,-0.4999999999999998
2005-05-01,61.9,0.4999999999999999,-0.8660254037844387
2005-06-01,56.8,1.2246467991473532e-16,-1.0
2005-07-01,62.4,-0.4999999999999997,-0.8660254037844388
2005-08-01,60.5,-0.8660254037844385,-0.5000000000000004
2005-09-01,37.2,-1.0,-1.8369701987210294e-16
2005-10-01,13.2,-0.8660254037844386,0.5000000000000001
2005-11-01,27.5,-0.5000000000000004,0.8660254037844384
2005-12-01,59.3,-2.4492935982947064e-16,1.0
2006-01-01,20.9,0.4999999999999999,0.8660254037844387
2006-02-01,5.7,0.8660254037844386,0.5000000000000001
2006-03-01,17.3,1.0,6.123233995736766e-17
2006-04-01,50.3,0.8660254037844387,-0.4999999999999998
2006-05-01,37.2,0.4999999999999999,-0.8660254037844387
2006-06-01,24.5,1.2246467991473532e-16,-1.0
2006-07-01,22.2,-0.4999999999999997,-0.8660254037844388
2006-08-01,20.8,-0.8660254037844385,-0.5000000000000004
2006-09-01,23.7,-1.0,-1.8369701987210294e-16
2006-10-01,14.9,-0.8660254037844386,0.5000000000000001
2006-11-01,35.7,-0.5000000000000004,0.8660254037844384
2006-12-01,22.3,-2.4492935982947064e-16,1.0
2007-01-01,29.3,0.4999999999999999,0.8660254037844387
2007-02-01,18.4,0.8660254037844386,0.5000000000000001
2007-03-01,7.2,1.0,6.123233995736766e-17
2007-04-01,5.4,0.8660254037844387,-0.4999999999999998
2007-05-01,19.5,0.4999999999999999,-0.8660254037844387
2007-06-01,21.3,1.2246467991473532e-16,-1.0
2007-07-01,15.1,-0.4999999999999997,-0.8660254037844388
2007-08-01,9.8,-0.8660254037844385,-0.5000000000000004
2007-09-01,4.0,-1.0,-1.8369701987210294e-16
2007-10-01,1.5,-0.8660254037844386,0.5000000000000001
2007-11-01,2.8,-0.5000000000000004,0.8660254037844384
2007-12-01,17.3,-2.4492935982947064e-16,1.0
2008-01-01,4.1,0.4999999999999999,0.8660254037844387
2008-02-01,2.9,0.8660254037844386,0.5000000000000001
2008-03-01,15.5,1.0,6.123233995736766e-17
2008-04-01,3.6,0.8660254037844387,-0.4999999999999998
2008-05-01,4.6,0.4999999999999999,-0.8660254037844387
2008-06-01,5.2,1.2246467991473532e-16,-1.0
2008-07-01,0.6,-0.4999999999999997,-0.8660254037844388
2008-08-01,0.3,-0.8660254037844385,-0.5000000000000004
2008-09-01,1.2,-1.0,-1.8369701987210294e-16
2008-10-01,4.2,-0.8660254037844386,0.5000000000000001
2008-11-01,6.6,-0.5000000000000004,0.8660254037844384
2008-12-01,1.0,-2.4492935982947064e-16,1.0
