date,actual_ssn,pred_ssn,phase_used
1987-06-01,18.8,168.56834182028936,trough
1987-07-01,38.2,155.15560234127588,rise
1987-08-01,47.9,161.55334369756963,rise
1987-09-01,42.2,174.30522103727694,rise
1987-10-01,63.4,157.8138204966671,rise
1987-11-01,48.8,157.80362787600873,rise
1987-12-01,29.1,155.47313168930134,rise
1988-01-01,70.5,164.1818604265201,rise
1988-02-01,45.4,175.22728532033716,rise
1988-03-01,91.2,152.02892398269643,rise
1988-04-01,108.8,147.93919445458772,rise
1988-05-01,74.2,163.0755282774177,rise
1988-06-01,124.3,102.29851346861979,peak
1988-07-01,131.4,89.64849104081674,peak
1988-08-01,139.4,49.235308213354536,decline
1988-09-01,142.7,40.58269799734526,decline
1988-10-01,156.5,32.99492257955982,decline
1988-11-01,156.8,40.052303474720624,decline
1988-12-01,231.2,63.08199007743474,decline
1989-01-01,210.1,85.57182975944019,decline
1989-02-01,208.7,97.17688491248927,decline
1989-03-01,170.4,111.36353134627579,decline
1989-04-01,166.3,117.31032403864754,decline
1989-05-01,195.4,93.65811907777305,peak
1989-06-01,284.5,78.19749261378317,peak
1989-07-01,180.5,113.86398681108867,rise
1989-08-01,232.0,98.03934812845009,rise
1989-09-01,225.1,106.17560215888322,rise
1989-10-01,212.2,94.78957926816214,rise
1989-11-01,238.2,92.63992812591385,peak
1989-12-01,211.4,88.31429983789609,peak
1990-01-01,227.4,105.76694974322105,peak
1990-02-01,171.8,105.34311751833205,peak
1990-03-01,191.7,101.28548668504494,peak
1990-04-01,189.7,99.10374542847916,peak
1990-05-01,175.2,81.12488965420654,peak
1990-06-01,153.3,69.86105964287088,peak
1990-07-01,191.1,64.52908857389944,peak
1990-08-01,252.1,68.78595389118597,peak
1990-09-01,169.1,69.22778444098157,peak
1990-10-01,199.4,102.33820020336051,decline
1990-11-01,178.8,133.16996053689567,decline
1990-12-01,197.1,101.65983441131058,peak
1991-01-01,195.3,76.09629712963536,peak
1991-02-01,240.3,59.60781596427529,peak
1991-03-01,197.0,51.84089596975845,peak
1991-04-01,197.6,59.263979320879464,peak
1991-05-01,166.9,68.73414878529559,peak
1991-06-01,224.7,88.5228768809151,decline
1991-07-01,240.2,100.902089766777,decline
1991-08-01,240.8,98.12273659487526,decline
1991-09-01,168.9,79.49972422037075,decline
1991-10-01,197.1,76.2839776042138,peak
1991-11-01,159.5,71.42161355558844,peak
1991-12-01,212.6,68.8121451581808,peak
1992-01-01,198.3,63.23964260123993,peak
1992-02-01,230.7,65.52708598695544,decline
1992-03-01,151.0,75.18781133790867,decline
1992-04-01,142.2,90.77960527482267,decline
1992-05-01,94.3,96.41293914546367,decline
1992-06-01,98.5,114.7428691568304,decline
1992-07-01,114.2,93.91035710334063,peak
1992-08-01,91.9,77.63095393684263,peak
1992-09-01,94.0,69.03503240451208,peak
1992-10-01,133.4,63.19220089070373,peak
1992-11-01,129.6,73.97528387732467,peak
1992-12-01,122.0,87.79826977733994,peak
1993-01-01,81.4,119.16365868485745,decline
1993-02-01,127.8,118.43000243530273,peak
1993-03-01,102.4,119.1031310709138,peak
1993-04-01,94.4,112.62341815331295,peak
1993-05-01,78.8,96.00556040909943,peak
1993-06-01,69.6,91.16573784608651,peak
1993-07-01,80.4,105.2437780955122,peak
1993-08-01,62.5,112.2089010421014,peak
1993-09-01,31.2,114.20121319748613,peak
1993-10-01,71.1,111.58631370748411,peak
1993-11-01,48.2,109.35053389671933,peak
1993-12-01,68.4,103.55538922801763,peak
1994-01-01,84.9,95.65916891873593,peak
1994-02-01,54.9,79.44587037473842,peak
1994-03-01,47.5,74.45645035452662,peak
1994-04-01,27.4,50.7401545894384,peak
1994-05-01,29.8,38.51816435883155,peak
1994-06-01,39.7,71.23038975747626,decline
1994-07-01,50.6,90.0437107650576,decline
1994-08-01,34.3,109.92678793660629,decline
1994-09-01,40.5,110.60793027443376,decline
1994-10-01,67.1,101.27174604899169,decline
1994-11-01,29.5,82.6025880821089,peak
1994-12-01,32.2,53.59893573987281,peak
1995-01-01,32.6,44.79707937861695,peak
1995-02-01,45.8,53.93726502658565,peak
1995-03-01,46.3,52.388004735696825,decline
1995-04-01,21.6,70.59499027466259,decline
1995-05-01,19.4,76.05430929441513,decline
1995-06-01,22.5,83.92511335282262,decline
1995-07-01,20.4,90.59514636801548,decline
1995-08-01,18.2,92.80698642057533,decline
1995-09-01,15.7,90.98725209567974,decline
1995-10-01,30.6,100.34747108003059,peak
1995-11-01,14.0,85.08166533095915,rise
1995-12-01,14.9,93.81109850515219,rise
1996-01-01,13.3,92.92584451453327,rise
1996-02-01,7.7,89.08115703838094,peak
1996-03-01,12.6,98.32549219418539,peak
1996-04-01,6.8,107.45392227764185,peak
1996-05-01,7.6,106.44152739651528,peak
1996-06-01,16.5,93.87114646693696,peak
1996-07-01,11.8,78.50744076467173,peak
1996-08-01,19.7,63.320542456926354,peak
1996-09-01,3.0,54.1188716112516,peak
1996-10-01,0.7,61.45438199893481,peak
1996-11-01,24.9,73.88406084838014,decline
1996-12-01,14.0,81.55952413767724,decline
1997-01-01,7.4,89.01757699626596,decline
1997-02-01,11.0,89.752374352682,decline
1997-03-01,12.1,87.06901154926973,decline
1997-04-01,23.0,86.79379546655666,peak
1997-05-01,25.4,79.73253074143337,peak
1997-06-01,20.8,70.22806967432744,peak
1997-07-01,12.9,60.355383797782466,peak
1997-08-01,35.7,62.85907805565402,decline
1997-09-01,59.7,61.84361515813693,decline
1997-10-01,32.8,62.36967381512257,decline
1997-11-01,50.4,70.57284676620458,decline
1997-12-01,55.5,77.19768550305817,decline
1998-01-01,44.5,77.63007996764532,decline
1998-02-01,50.2,74.88323523848457,decline
1998-03-01,82.0,83.78196121465162,decline
1998-04-01,70.6,97.30485097137237,decline
1998-05-01,74.0,88.22781091400319,peak
1998-06-01,90.5,87.6381860079603,peak
1998-07-01,96.7,89.7783796785507,peak
1998-08-01,121.1,86.11492523456194,peak
1998-09-01,132.0,84.60983165655205,peak
1998-10-01,78.5,87.4971519184228,peak
1998-11-01,97.3,86.03655843610359,peak
1998-12-01,119.2,86.55257760178993,peak
1999-01-01,86.0,82.56755018083793,peak
1999-02-01,98.0,81.37946462934583,peak
1999-03-01,103.5,81.31501602705467,peak
1999-04-01,93.6,85.54443716731956,peak
1999-05-01,149.6,94.22674412227992,peak
1999-06-01,207.2,98.93125784983428,peak
1999-07-01,173.5,91.79641462152895,peak
1999-08-01,142.3,83.12993791238536,peak
1999-09-01,106.3,70.04119542011408,peak
1999-10-01,168.7,57.31038208532258,peak
1999-11-01,188.3,52.009537659364554,peak
1999-12-01,116.8,63.64347940290833,decline
2000-01-01,133.1,72.2451036368416,decline
2000-02-01,165.7,76.70930984379144,decline
2000-03-01,217.7,76.26860233267504,decline
2000-04-01,191.5,73.12160256810661,decline
2000-05-01,165.9,68.39697013448004,decline
2000-06-01,188.0,62.176590650018845,decline
2000-07-01,244.3,63.14745531885264,decline
2000-08-01,180.5,66.39617913311443,decline
2000-09-01,156.0,72.03852232067926,decline
2000-10-01,141.6,81.30605006539491,decline
2000-11-01,158.1,85.14245774133862,decline
2000-12-01,143.3,84.7669253589757,decline
2001-01-01,142.6,83.3855987429841,decline
2001-02-01,121.5,80.27964728304174,decline
2001-03-01,165.8,80.740278960591,peak
2001-04-01,161.7,78.87550759849873,peak
2001-05-01,142.1,75.94106702475082,peak
2001-06-01,202.9,78.93548385673773,peak
2001-07-01,123.0,76.80006763477013,decline
2001-08-01,161.5,78.6518251230408,decline
2001-09-01,238.2,82.99477478581896,decline
2001-10-01,194.1,86.61321817960405,decline
2001-11-01,176.6,86.9129942331261,decline
2001-12-01,213.4,83.11861269523014,peak
2002-01-01,184.6,77.82823823914816,peak
2002-02-01,170.2,72.43300066125867,peak
2002-03-01,147.1,63.28495436473058,peak
2002-04-01,186.9,71.9853789553352,decline
2002-05-01,187.5,78.18254942664365,decline
2002-06-01,128.8,82.11014215039906,decline
2002-07-01,161.0,83.56484089660765,decline
2002-08-01,175.6,77.08778555100419,decline
2002-09-01,187.9,71.631995356206,decline
2002-10-01,151.2,66.57413951623884,decline
2002-11-01,147.2,61.89722797851978,decline
2002-12-01,135.3,57.83797685287967,decline
2003-01-01,133.5,58.449486876473166,decline
2003-02-01,75.7,65.35143068081915,decline
2003-03-01,100.7,72.86231041820895,decline
2003-04-01,97.9,77.94153437460378,decline
2003-05-01,86.8,81.85912612360065,decline
2003-06-01,118.7,82.5845818522227,decline
2003-07-01,128.3,80.81754253673529,decline
2003-08-01,115.4,76.34803518019032,decline
2003-09-01,78.5,70.96150279055023,decline
2003-10-01,97.8,70.74447214369344,decline
2003-11-01,82.9,72.01103018964469,decline
2003-12-01,72.2,75.22136946101726,decline
2004-01-01,60.6,79.13894538568698,decline
2004-02-01,74.6,78.60510643451946,decline
2004-03-01,74.8,77.11862188984304,decline
2004-04-01,59.2,76.27788593793613,decline
2004-05-01,72.8,77.14684721470222,decline
2004-06-01,66.5,76.74630712066721,decline
2004-07-01,83.8,77.85065526378361,decline
2004-08-01,69.7,79.79166195717804,decline
2004-09-01,48.8,80.54957865555964,decline
2004-10-01,74.2,79.02372845971074,decline
2004-11-01,70.1,78.21605480199507,decline
2004-12-01,28.9,77.37592017451985,decline
2005-01-01,48.1,75.15456442656736,decline
2005-02-01,43.5,69.16126403670295,decline
2005-03-01,39.6,66.69935214219794,decline
2005-04-01,38.7,66.93712320717214,decline
2005-05-01,61.9,67.78399899801308,decline
2005-06-01,56.8,70.31861312621908,decline
2005-07-01,62.4,73.33639671005957,decline
2005-08-01,60.5,75.17012501493114,decline
2005-09-01,37.2,74.91945712333002,decline
2005-10-01,13.2,73.72930947840847,decline
2005-11-01,27.5,72.35265103892601,decline
2005-12-01,59.3,70.45095197417119,decline
2006-01-01,20.9,69.42761383650932,decline
2006-02-01,5.7,68.11853582350709,decline
2006-03-01,17.3,67.37248209571197,decline
2006-04-01,50.3,68.57678723865669,decline
2006-05-01,37.2,69.26457579388698,decline
2006-06-01,24.5,69.8150672119916,decline
2006-07-01,22.2,71.1374376597995,decline
2006-08-01,20.8,73.00766213785376,decline
2006-09-01,23.7,74.23482815875393,decline
2006-10-01,14.9,72.29411685279963,decline
2006-11-01,35.7,72.11842989800904,decline
2006-12-01,22.3,74.64144479441438,decline
2007-01-01,29.3,79.1772666312676,decline
2007-02-01,18.4,83.00836260806476,decline
2007-03-01,7.2,83.96359284167474,decline
2007-04-01,5.4,81.92244453130192,decline
2007-05-01,19.5,76.34944354530664,decline
2007-06-01,21.3,69.93454088197109,decline
2007-07-01,15.1,66.28103077922249,decline
2007-08-01,9.8,65.00277855550769,decline
2007-09-01,4.0,66.54615155628692,decline
2007-10-01,1.5,71.97884878299811,decline
2007-11-01,2.8,75.24647211865225,decline
2007-12-01,17.3,76.75745272175625,decline
2008-01-01,4.1,76.51269785373336,decline
2008-02-01,2.9,74.8770532013448,decline
2008-03-01,15.5,74.09969895444776,decline
2008-04-01,3.6,72.30102153421258,decline
2008-05-01,4.6,70.45911205220467,decline
2008-06-01,5.2,69.05707666674996,decline
2008-07-01,0.6,68.4426707912881,decline
2008-08-01,0.3,69.62145656931622,decline
